,asin,product_title,product_price,product_original_price,currency,product_star_rating,product_num_ratings,product_url,product_photo,product_num_offers,product_minimum_offer_price,is_best_seller,is_amazon_choice,is_prime,climate_pledge_friendly,sales_volume,delivery,has_variations
0,1636413994,"The Dragon&#x27;s Prophecy: Israel, the Dark Resurrection, and the End of Days",$15.49,$28.99,USD,4.6,23,https://www.amazon.com/dp/1636413994,https://m.media-amazon.com/images/I/91qcLbAh3pL._AC_UY654_FMwebp_QL65_.jpg,1,$15.49,True,False,True,False, | ,"FREE delivery Tue, Sep 10 on $35 of items shipped by Amazon",False
1,0593729900,Lovely One: A Memoir,$24.50,$35.00,USD,3.8,4,https://www.amazon.com/dp/0593729900,https://m.media-amazon.com/images/I/81juffzOJbL._AC_UY654_FMwebp_QL65_.jpg,1,$24.50,True,False,True,False, | ,"FREE delivery Mon, Sep 9 on $35 of items shipped by Amazon",False
2,1649374186,"Onyx Storm (Deluxe Limited Edition) (The Empyrean, 3)",$19.78,$32.99,USD,,0,https://www.amazon.com/dp/1649374186,https://m.media-amazon.com/images/I/9101MLPcFTL._AC_UY654_FMwebp_QL65_.jpg,1,$19.78,False,False,False,False, | ,"FREE delivery on $35 shipped by Amazon.This title will be released on January 21, 2025.",False
3,1961641224,Moving Beyond the COVID-19 Lies,$19.66,$24.99,USD,,0,https://www.amazon.com/dp/1961641224,https://m.media-amazon.com/images/I/71w27dNcmjL._AC_UY654_FMwebp_QL65_.jpg,1,$19.66,True,False,False,False, | ,"FREE delivery on $35 shipped by Amazon.This title will be released on October 1, 2024.",False
4,1400260000,What Happens Next: A Traveler’s Guide Through the End of This Age,$15.99,$29.99,USD,4.8,141,https://www.amazon.com/dp/1400260000,https://m.media-amazon.com/images/I/71ncjqg5SGL._AC_UY654_FMwebp_QL65_.jpg,1,$15.99,True,False,True,False, | ,"FREE delivery Mon, Sep 9 on $35 of items shipped by Amazon",False
5,B0C9N2L56X,The Anxious Generation: How the Great Rewiring of Childhood Is Causing an Epidemic of Mental Illness,$0.00,$20.25,USD,4.7,3008,https://www.amazon.com/dp/B0C9N2L56X,https://m.media-amazon.com/images/I/81N4drWaxuL._AC_UY654_FMwebp_QL65_.jpg,31,$15.50,True,False,True,False,List: ,Available instantly,False
6,B07RFSSYBH,Atomic Habits: An Easy &amp; Proven Way to Build Good Habits &amp; Break Bad Ones,$0.00,$18.00,USD,4.8,131838,https://www.amazon.com/dp/B07RFSSYBH,https://m.media-amazon.com/images/I/71F4+7rk2eL._AC_UY654_FMwebp_QL65_.jpg,77,$5.57,True,False,True,False,List: ,Available instantly,False
7,059379625X,"The New Menopause: Navigating Your Path Through Hormonal Change with Purpose, Power, and Facts",$17.39,$28.00,USD,4.7,1143,https://www.amazon.com/dp/059379625X,https://m.media-amazon.com/images/I/717+yh0POUL._AC_UY654_FMwebp_QL65_.jpg,28,$15.18,True,False,True,False, | ,"FREE delivery Mon, Sep 9 on $35 of items shipped by Amazon",False
8,B0CVLHTFDS,Natural Selection: A Short Story,$0.00,$1.99,USD,4,17600,https://www.amazon.com/dp/B0CVLHTFDS,https://m.media-amazon.com/images/I/81rMfFTVmYL._AC_UY654_FMwebp_QL65_.jpg,1,$0.00,True,False,False,False, | ,Available instantly,False
9,B0D9HS4CWN,Save America,$92.88,$99.00,USD,3.8,11,https://www.amazon.com/dp/B0D9HS4CWN,https://m.media-amazon.com/images/I/817Yl0jTBzL._AC_UY654_FMwebp_QL65_.jpg,6,$84.94,True,False,True,False, | ,"FREE delivery Fri, Sep 13",False
10,B0D3FL1M3D,Imminent: Inside the Pentagon’s Hunt for UFOs,$0.00,$25.19,USD,4.7,1030,https://www.amazon.com/dp/B0D3FL1M3D,https://m.media-amazon.com/images/I/71gE9dO0o0L._AC_UY654_FMwebp_QL65_.jpg,1,$0.00,True,False,True,False,List: ,Available instantly,False
11,B0D92TH7MV,Keep It Simple Y&#x27;all: Easy dinners from Your Barefoot Neighbor,$24.74,$27.49,USD,4.8,838,https://www.amazon.com/dp/B0D92TH7MV,https://m.media-amazon.com/images/I/61Zk8idxPKL._AC_UY654_FMwebp_QL65_.jpg,3,$17.99,False,False,True,False, | ,"FREE delivery Wed, Sep 11 on $35 of items shipped by Amazon",False
12,B0BVDJ293G,"Fourth Wing: Empyrean, Book 1",$0.00,$25.79,USD,4.8,236502,https://www.amazon.com/dp/B0BVDJ293G,https://m.media-amazon.com/images/I/A15A7wamBML._AC_UY654_FMwebp_QL65_.jpg,1,$0.00,True,False,False,False, | ,Available instantly,False
13,0593799895,Be Ready When the Luck Happens: A Memoir,$21.99,$34.00,USD,,0,https://www.amazon.com/dp/0593799895,https://m.media-amazon.com/images/I/81g+Hs6XF5L._AC_UY654_FMwebp_QL65_.jpg,1,$21.99,True,False,False,False, | ,"FREE delivery on $35 shipped by Amazon.This title will be released on October 1, 2024.",False
14,B0D943SQXV,Spooky Cutie: Coloring Book for Adults and Teens Featuring Adorable Creepy Creatures in Cozy Hygge Moments for Relaxation (Cozy Spaces Coloring),$7.99,,USD,4.7,337,https://www.amazon.com/dp/B0D943SQXV,https://m.media-amazon.com/images/I/71jfsEP8G4L._AC_UY654_FMwebp_QL65_.jpg,1,$7.99,True,False,True,False, | ,"FREE delivery Wed, Sep 11 on $35 of items shipped by Amazon",False
15,B0CPKXGL6Q,All the Colors of the Dark,$0.00,$22.50,USD,4.6,14958,https://www.amazon.com/dp/B0CPKXGL6Q,https://m.media-amazon.com/images/I/91oSP-pAk1L._AC_UY654_FMwebp_QL65_.jpg,1,$0.00,True,False,True,False,Print List Price: ,Available instantly,False
16,052802759X,Rand McNally Large Scale Road Atlas 2025,$19.06,$29.99,USD,4.7,1269,https://www.amazon.com/dp/052802759X,https://m.media-amazon.com/images/I/91CfL2NwfIL._AC_UY654_FMwebp_QL65_.jpg,16,$17.66,True,False,True,False, | ,"FREE delivery Tue, Sep 10 on $35 of items shipped by Amazon",False
17,B0BTTJWYFN,"The Pumpkin Spice Café: TikTok Made Me Buy It (Dream Harbor, Book 1)",$0.99,$18.99,USD,3.8,10426,https://www.amazon.com/dp/B0BTTJWYFN,https://m.media-amazon.com/images/I/812KgDJPd8L._AC_UY654_FMwebp_QL65_.jpg,25,$10.97,True,False,False,False, | ,Available instantly,False
18,1338896458,Dog Man: Big Jim Begins: A Graphic Novel (Dog Man #13): From the Creator of Captain Underpants,$10.49,$14.99,USD,,0,https://www.amazon.com/dp/1338896458,https://m.media-amazon.com/images/I/71K+9YJ7VbL._AC_UY654_FMwebp_QL65_.jpg,1,$10.49,True,False,True,False, | ,"FREE delivery Mon, Dec 9 on $35 of items shipped by AmazonOr fastest delivery Tue, Dec 3 This title will be released on December 3, 2024.",False
19,1510782699,Melania,$30.00,$40.00,USD,,0,https://www.amazon.com/dp/1510782699,https://m.media-amazon.com/images/I/419zn8-6gaL._AC_UY654_FMwebp_QL65_.jpg,1,$30.00,False,False,True,False, | ,"$10.48 delivery Tue, Oct 8 This title will be released on October 8, 2024.",False
20,1668048043,The Art of Power: My Story as America&#x27;s First Woman Speaker of the House,$19.48,$30.00,USD,4.4,528,https://www.amazon.com/dp/1668048043,https://m.media-amazon.com/images/I/81A+OwVDHEL._AC_UY654_FMwebp_QL65_.jpg,19,$18.51,False,False,True,False, | ,"FREE delivery Mon, Sep 9 on $35 of items shipped by Amazon",False
21,B0CXB9RDMT,save me an orange,$13.32,$13.99,USD,4.7,323,https://www.amazon.com/dp/B0CXB9RDMT,https://m.media-amazon.com/images/I/51uatWiFWvL._AC_UY654_FMwebp_QL65_.jpg,5,$13.26,True,False,True,False, | ,"FREE delivery Mon, Sep 9 on $35 of items shipped by Amazon",False
22,1571989935,The 2025 Old Farmer&#x27;s Almanac Trade Edition,$10.01,$10.95,USD,4.6,24,https://www.amazon.com/dp/1571989935,https://m.media-amazon.com/images/I/91bqJdDA7NL._AC_UY654_FMwebp_QL65_.jpg,26,$8.74,True,False,True,False, | ,"FREE delivery Mon, Sep 9 on $35 of items shipped by Amazon",False
23,B0CJ839C56,The Wedding People: A Novel,$14.99,$28.99,USD,4.4,5688,https://www.amazon.com/dp/B0CJ839C56,https://m.media-amazon.com/images/I/91hQge8XmcL._AC_UY654_FMwebp_QL65_.jpg,14,$18.00,False,False,True,False, | ,Available instantly,False
24,B01GGU0XWC,It Ends with Us,$0.00,$20.24,USD,4.7,358889,https://www.amazon.com/dp/B01GGU0XWC,https://m.media-amazon.com/images/I/815GWEqlkOL._AC_UY654_FMwebp_QL65_.jpg,49,$5.33,True,False,True,False, | ,Available instantly,False
25,B0CT69D7NF,By Any Other Name: A Novel,$0.00,$24.75,USD,4.4,1238,https://www.amazon.com/dp/B0CT69D7NF,https://m.media-amazon.com/images/I/91qS+qTChQL._AC_UY654_FMwebp_QL65_.jpg,27,$15.80,True,False,True,False,Print List Price: ,Available instantly,False
26,1878424319,The Four Agreements: A Practical Guide to Personal Freedom (A Toltec Wisdom Book),$7.00,$12.95,USD,4.7,115266,https://www.amazon.com/dp/1878424319,https://m.media-amazon.com/images/I/91rR9gMuOVL._AC_UY654_FMwebp_QL65_.jpg,137,$1.34,False,False,True,False, | ,"FREE delivery Mon, Sep 9 on $35 of items shipped by Amazon",False
27,B0CVLHHKRR,When We Were Friends: A Short Story,$1.99,$1.99,USD,3.8,1027,https://www.amazon.com/dp/B0CVLHHKRR,https://m.media-amazon.com/images/I/A1CTxioX17L._AC_UY654_FMwebp_QL65_.jpg,1,$1.99,True,False,False,False, | ,,False
28,B0CVPVD2JL,Here One Moment,$14.99,$30.00,USD,,0,https://www.amazon.com/dp/B0CVPVD2JL,https://m.media-amazon.com/images/I/81MDG7QBtWL._AC_UY654_FMwebp_QL65_.jpg,1,$14.99,False,False,True,False, | ,"This title will be released on September 10, 2024.",False
29,0593712641,Good Energy: The Surprising Connection Between Metabolism and Limitless Health,$21.57,$32.00,USD,4.5,1017,https://www.amazon.com/dp/0593712641,https://m.media-amazon.com/images/I/71KTwO53SnL._AC_UY654_FMwebp_QL65_.jpg,1,$21.57,True,False,False,False, | ,FREE delivery on $35 shipped by Amazon.,False
30,B0CQHMW7TD,Passions in Death: An Eve Dallas Novel,$14.99,$20.24,USD,4.6,266,https://www.amazon.com/dp/B0CQHMW7TD,https://m.media-amazon.com/images/I/71egBdruN0L._AC_UY654_FMwebp_QL65_.jpg,1,$14.99,True,False,True,False, | ,Available instantly,False
31,0063420058,Black Saturday: An Unfiltered Account of the October 7th Attack on Israel and the War in Gaza,$28.80,$32.00,USD,,0,https://www.amazon.com/dp/0063420058,https://m.media-amazon.com/images/I/71RXbwlNYfL._AC_UY654_FMwebp_QL65_.jpg,1,$28.80,True,False,False,False, | ,"FREE delivery on $35 shipped by Amazon.This title will be released on October 1, 2024.",False
32,0593797450,Feeding Littles Lunches: 75+ No-Stress Lunches Everyone Will Love: Meal Planning for Kids,$18.28,$26.99,USD,4.8,180,https://www.amazon.com/dp/0593797450,https://m.media-amazon.com/images/I/81Mc0fyyW5L._AC_UY654_FMwebp_QL65_.jpg,1,$18.28,True,False,True,False, | ,"FREE delivery Mon, Sep 9 on $35 of items shipped by Amazon",False
33,0143127748,"The Body Keeps the Score: Brain, Mind, and Body in the Healing of Trauma",$10.86,$19.00,USD,4.8,76258,https://www.amazon.com/dp/0143127748,https://m.media-amazon.com/images/I/71Ha3OShqSL._AC_UY654_FMwebp_QL65_.jpg,46,$5.94,True,False,True,False, | ,"FREE delivery Mon, Sep 9 on $35 of items shipped by Amazon",False
34,1087776074,"Revelation - Bible Study Book with Video Access: Eternal King, Everlasting Kingdom",$24.99,,USD,4.8,95,https://www.amazon.com/dp/1087776074,https://m.media-amazon.com/images/I/813xLPhlnrL._AC_UY654_FMwebp_QL65_.jpg,14,$24.74,True,False,True,False, | ,"FREE delivery Wed, Sep 11 on $35 of items shipped by Amazon",False
35,B0CV1QDT4H,Capture or Kill: A Mitch Rapp Novel by Don Bentley,$14.99,$29.99,USD,4.7,19,https://www.amazon.com/dp/B0CV1QDT4H,https://m.media-amazon.com/images/I/61ZG-hxAuUL._AC_UY654_FMwebp_QL65_.jpg,1,$14.99,True,False,True,False, | ,Available instantly,False
36,1984863169,"Good Lookin&#x27; Cookin&#x27;: A Year of Meals - A Lifetime of Family, Friends, and Food [A Cookbook]",$31.44,$35.00,USD,,0,https://www.amazon.com/dp/1984863169,https://m.media-amazon.com/images/I/81qlpis8AFL._AC_UY654_FMwebp_QL65_.jpg,1,$31.44,False,False,True,False, | ,"FREE delivery Mon, Sep 23 on $35 of items shipped by AmazonOr fastest delivery Thu, Sep 19 This title will be released on September 17, 2024.",False
37,1668001225,It Starts with Us: A Novel (It Ends with Us),$10.98,$17.99,USD,4.5,184774,https://www.amazon.com/dp/1668001225,https://m.media-amazon.com/images/I/71PNGYHykrL._AC_UY654_FMwebp_QL65_.jpg,48,$5.00,False,False,True,False, | ,"FREE delivery Mon, Sep 9 on $35 of items shipped by Amazon",False
38,B09WPP7R6S,Don&#x27;t Believe Everything You Think: Why Your Thinking Is The Beginning &amp; End Of Suffering (Beyond Suffering),$15.02,$15.99,USD,4.6,11653,https://www.amazon.com/dp/B09WPP7R6S,https://m.media-amazon.com/images/I/51xKFo2B+RL._AC_UY654_FMwebp_QL65_.jpg,7,$5.49,True,False,True,False, | ,"FREE delivery Thu, Sep 12 on $35 of items shipped by Amazon",False
39,0062300555,Hillbilly Elegy: A Memoir of a Family and Culture in Crisis,$11.53,$18.99,USD,4.4,108637,https://www.amazon.com/dp/0062300555,https://m.media-amazon.com/images/I/81ytGlIkLoL._AC_UY654_FMwebp_QL65_.jpg,48,$6.36,True,False,True,False, | ,"FREE delivery Mon, Sep 9 on $35 of items shipped by Amazon",False
40,1451673310,Fahrenheit 451,$8.36,$17.00,USD,4.6,52439,https://www.amazon.com/dp/1451673310,https://m.media-amazon.com/images/I/61l8LHt4MeL._AC_UY654_FMwebp_QL65_.jpg,49,$2.49,True,False,True,False, | ,"FREE delivery Mon, Sep 9 on $35 of items shipped by Amazon",False
41,0316382000,"The Wild Robot (Volume 1) (The Wild Robot, 1)",$6.99,$8.99,USD,4.8,10957,https://www.amazon.com/dp/0316382000,https://m.media-amazon.com/images/I/811pMe1mCTL._AC_UY654_FMwebp_QL65_.jpg,50,$4.03,True,False,True,False, | ,"FREE delivery Thu, Sep 12 on $35 of items shipped by AmazonOr fastest delivery Wed, Sep 11",False
42,B08D9WJ9G8,"The Psychology of Money: Timeless Lessons on Wealth, Greed, and Happiness",$0.00,$19.95,USD,4.7,54577,https://www.amazon.com/dp/B08D9WJ9G8,https://m.media-amazon.com/images/I/81PGh4Jx+wL._AC_UY654_FMwebp_QL65_.jpg,34,$7.47,True,False,True,False,List: ,Available instantly,False
43,B0DF65ZC18,The Rocker&#x27;s Muse,$4.99,$14.99,USD,4.5,669,https://www.amazon.com/dp/B0DF65ZC18,https://m.media-amazon.com/images/I/71xUD1GD8HL._AC_UY654_FMwebp_QL65_.jpg,1,$4.99,False,False,False,False, | ,Available instantly,False
44,B0CV2933TR,Creation Lake: A Novel,$14.99,$29.99,USD,4.2,5,https://www.amazon.com/dp/B0CV2933TR,https://m.media-amazon.com/images/I/71G39dNfzUL._AC_UY654_FMwebp_QL65_.jpg,22,$21.49,False,False,True,False, | ,Available instantly,False
45,B0CLH8D891,The God of the Woods: A Novel,$0.00,$22.50,USD,4.5,11004,https://www.amazon.com/dp/B0CLH8D891,https://m.media-amazon.com/images/I/91WvkZFZq9L._AC_UY654_FMwebp_QL65_.jpg,14,$14.99,True,False,True,False,Print List Price: ,Available instantly,False
46,B0D5HVSW5T,"Little Corner: Coloring Book for Adults and Teens, Super Cute Designs of Cozy, Hygge Spaces for Relaxation (Cozy Spaces Coloring)",$7.99,$21.95,USD,4.8,707,https://www.amazon.com/dp/B0D5HVSW5T,https://m.media-amazon.com/images/I/71QManc1wDL._AC_UY654_FMwebp_QL65_.jpg,1,$7.99,True,False,True,False, | ,"FREE delivery Thu, Sep 12 on $35 of items shipped by Amazon",False
47,B0CNYGK3FV,Fatal Intrusion: A Novel (Sanchez &amp; Heron Book 1),$0.00,$30.09,USD,4.4,7738,https://www.amazon.com/dp/B0CNYGK3FV,https://m.media-amazon.com/images/I/81wEntslgKL._AC_UY654_FMwebp_QL65_.jpg,1,$0.00,True,False,True,False, | ,Available instantly,False
48,0062315005,"The Alchemist, 25th Anniversary: A Fable About Following Your Dream",$8.76,$17.99,USD,4.6,151968,https://www.amazon.com/dp/0062315005,https://m.media-amazon.com/images/I/71zHDXu1TaL._AC_UY654_FMwebp_QL65_.jpg,67,$2.86,True,False,True,False, | ,"FREE delivery Mon, Sep 9 on $35 of items shipped by Amazon",False
49,0593809866,Impossible Creatures,$15.98,$19.99,USD,,0,https://www.amazon.com/dp/0593809866,https://m.media-amazon.com/images/I/81MjioYN86L._AC_UY654_FMwebp_QL65_.jpg,1,$15.98,False,False,True,False, | ,"FREE delivery Mon, Sep 16 on $35 of items shipped by AmazonOr fastest delivery Thu, Sep 12 This title will be released on September 10, 2024.",False
50,B0CPGWSTV5,This Is Why We Lied: A Will Trent Thriller,$0.00,$24.29,USD,4.6,3496,https://www.amazon.com/dp/B0CPGWSTV5,https://m.media-amazon.com/images/I/91YsooNeOCL._AC_UY654_FMwebp_QL65_.jpg,16,$18.79,False,False,True,False, | ,Available instantly,False
51,B0CQ2WYS21,Wind and Truth: Book Five of the Stormlight Archive,$0.00,$47.24,USD,,0,https://www.amazon.com/dp/B0CQ2WYS21,https://m.media-amazon.com/images/I/91Hbnk1kOhL._AC_UY654_FMwebp_QL65_.jpg,1,$0.00,False,False,True,False, | ,"This item will be released on December 6, 2024.",False
52,B00OZP5VRS,A Court of Thorns and Roses,$8.21,$15.20,USD,4.6,231205,https://www.amazon.com/dp/B00OZP5VRS,https://m.media-amazon.com/images/I/81A-T+X6ukL._AC_UY654_FMwebp_QL65_.jpg,53,$5.15,False,False,True,False, | ,Available instantly,False
53,014240733X,The Outsiders,$9.49,$14.99,USD,4.7,39355,https://www.amazon.com/dp/014240733X,https://m.media-amazon.com/images/I/71Bg39CmhoL._AC_UY654_FMwebp_QL65_.jpg,54,$1.24,True,False,True,False, | ,"FREE delivery Mon, Sep 9 on $35 of items shipped by Amazon",False
54,B0D4YLQRMP,Cozy Friends: Coloring Book for Adults and Teens Featuring Super Cute Animal Characters with Easy and Simple Designs for Relaxation (Cozy Spaces Coloring),$7.99,,USD,4.7,558,https://www.amazon.com/dp/B0D4YLQRMP,https://m.media-amazon.com/images/I/71HEaIuLeUL._AC_UY654_FMwebp_QL65_.jpg,1,$7.99,True,False,True,False, | ,"FREE delivery Mon, Sep 9 on $35 of items shipped by Amazon",False
55,B0DFYT48X3,Marsh Madness (Miss Fortune Mysteries Book 28),$7.99,,USD,4.9,16,https://www.amazon.com/dp/B0DFYT48X3,https://m.media-amazon.com/images/I/91AiVjAgQCL._AC_UY654_FMwebp_QL65_.jpg,1,$7.99,True,False,True,False, | ,Available instantly,False
56,0063425181,Watch Me Deluxe Limited Edition,$22.49,$24.99,USD,,0,https://www.amazon.com/dp/0063425181,https://m.media-amazon.com/images/I/81mATidZJxL._AC_UY654_FMwebp_QL65_.jpg,1,$22.49,False,False,True,False, | ,"FREE delivery Mon, Apr 21, 2025 on $35 of items shipped by AmazonOr fastest delivery Tue, Apr 15, 2025 This title will be released on April 15, 2025.",False
57,0593184548,"What&#x27;s Next: A Backstage Pass to The West Wing, Its Cast and Crew, and Its Enduring Legacy of Service",$22.54,$35.00,USD,4.7,144,https://www.amazon.com/dp/0593184548,https://m.media-amazon.com/images/I/71cRXdMwexL._AC_UY654_FMwebp_QL65_.jpg,1,$22.54,True,False,True,False, | ,"FREE delivery Mon, Sep 9 on $35 of items shipped by Amazon",False
58,0451526341,Animal Farm: 75th Anniversary Edition,$5.99,$9.99,USD,4.7,72872,https://www.amazon.com/dp/0451526341,https://m.media-amazon.com/images/I/71je3-DsQEL._AC_UY654_FMwebp_QL65_.jpg,41,$2.70,False,False,True,False, | ,"FREE delivery Mon, Sep 9 on $35 of items shipped by Amazon",False
59,B0C4QD5VPB,The Women: A Novel,$0.00,$24.74,USD,4.7,172536,https://www.amazon.com/dp/B0C4QD5VPB,https://m.media-amazon.com/images/I/91mP3553EzL._AC_UY654_FMwebp_QL65_.jpg,54,$12.07,True,False,True,False,List: ,Available instantly,False
60,0349132615,The Housemaid&#x27;s Secret,$7.68,$12.99,USD,4.4,195724,https://www.amazon.com/dp/0349132615,https://m.media-amazon.com/images/I/81LZXcfKqJL._AC_UY654_FMwebp_QL65_.jpg,39,$3.93,False,False,True,False, | ,"FREE delivery Tue, Sep 10 on $35 of items shipped by Amazon",False
61,0525653090,The Ruthless Elimination of Hurry: How to Stay Emotionally Healthy and Spiritually Alive in the Chaos of the Modern World,$8.83,$25.00,USD,4.8,12255,https://www.amazon.com/dp/0525653090,https://m.media-amazon.com/images/I/61D66KN2WZL._AC_UY654_FMwebp_QL65_.jpg,50,$4.69,False,False,True,False, | ,"FREE delivery Mon, Sep 9 on $35 of items shipped by Amazon",False
62,0448425009,The Night Before Kindergarten,$3.97,$5.99,USD,4.8,7238,https://www.amazon.com/dp/0448425009,https://m.media-amazon.com/images/I/71S3Z-h0LHL._AC_UY654_FMwebp_QL65_.jpg,53,$0.75,False,False,True,False, | ,"FREE delivery Mon, Sep 9 on $35 of items shipped by Amazon",False
63,B0CQ35GDC7,The Moonflowers: A Novel,$0.00,$30.09,USD,4.5,6153,https://www.amazon.com/dp/B0CQ35GDC7,https://m.media-amazon.com/images/I/81isBYaVltL._AC_UY654_FMwebp_QL65_.jpg,19,$11.26,True,False,True,False, | ,Available instantly,False
64,B0BF3P5XZS,The Great Gatsby: Original 1925 Edition (An F. Scott Fitzgerald Classic Novel),$5.00,$3.49,USD,4.4,2202,https://www.amazon.com/dp/B0BF3P5XZS,https://m.media-amazon.com/images/I/61dRoDRubtL._AC_UY654_FMwebp_QL65_.jpg,3,$3.26,True,False,True,False, | ,"FREE delivery Wed, Sep 11 on $35 of items shipped by Amazon",False
65,0062899503,At War with Ourselves: My Tour of Duty in the Trump White House,$22.77,$32.50,USD,3.8,70,https://www.amazon.com/dp/0062899503,https://m.media-amazon.com/images/I/71BtJ+EWSsL._AC_UY654_FMwebp_QL65_.jpg,1,$22.77,False,False,True,False, | ,"FREE delivery Mon, Sep 9 on $35 of items shipped by Amazon",False
66,0593328930,Big Vegan Flavor: Techniques and 150 Recipes to Master Vegan Cooking,$36.22,$45.00,USD,4.8,18,https://www.amazon.com/dp/0593328930,https://m.media-amazon.com/images/I/91INMmSucDL._AC_UY654_FMwebp_QL65_.jpg,21,$35.88,True,False,True,False, | ,"FREE delivery Mon, Sep 9",False
67,0451524934,1984: 75th Anniversary,$5.89,$9.99,USD,4.6,117633,https://www.amazon.com/dp/0451524934,https://m.media-amazon.com/images/I/71rpa1-kyvL._AC_UY654_FMwebp_QL65_.jpg,49,$1.90,True,False,True,False, | ,"FREE delivery Mon, Sep 9 on $35 of items shipped by Amazon",False
68,0448454513,The Night Before Preschool,$3.82,$5.99,USD,4.8,3007,https://www.amazon.com/dp/0448454513,https://m.media-amazon.com/images/I/81b6+acpDCL._AC_UY654_FMwebp_QL65_.jpg,30,$0.94,True,False,True,False, | ,"FREE delivery Mon, Sep 9 on $35 of items shipped by Amazon",False
69,1081439793,"Mom, I Want to Hear Your Story: A Mother’s Guided Journal To Share Her Life &amp; Her Love (Hear Your Story Books)",$11.95,$19.95,USD,4.7,12103,https://www.amazon.com/dp/1081439793,https://m.media-amazon.com/images/I/71sOqrd6JHL._AC_UY654_FMwebp_QL65_.jpg,2,$7.34,True,False,True,False, | ,"FREE delivery Tue, Sep 10 on $35 of items shipped by Amazon",False
70,B09XRF2SWN,The Housemaid,$0.00,$19.95,USD,4.5,359128,https://www.amazon.com/dp/B09XRF2SWN,https://m.media-amazon.com/images/I/81Y1TlywXDL._AC_UY654_FMwebp_QL65_.jpg,46,$3.18,True,False,True,False, | ,Available instantly,False
71,B0D3CSPMZG,"Stress Relief: Coloring Book for Adults and Kids, Bold and Easy, Simple and Big Designs for Relaxation Featuring Animals, Landscape, Flowers, Patterns, Cute Things And Many More (Bold &amp; Easy Coloring)",$7.99,,USD,4.8,527,https://www.amazon.com/dp/B0D3CSPMZG,https://m.media-amazon.com/images/I/61jccG4IyuL._AC_UY654_FMwebp_QL65_.jpg,1,$7.99,True,False,True,False, | ,"FREE delivery Wed, Sep 11 on $35 of items shipped by Amazon",False
72,1368092209,The Book of Bill (Gravity Falls),$18.67,$26.99,USD,4.8,1013,https://www.amazon.com/dp/1368092209,https://m.media-amazon.com/images/I/81O6JfipQhL._AC_UY654_FMwebp_QL65_.jpg,1,$18.67,True,False,False,False, | ,FREE delivery on $35 shipped by Amazon.Temporarily out of stock.,False
73,0140280197,The 48 Laws of Power,$14.55,$26.00,USD,4.7,79304,https://www.amazon.com/dp/0140280197,https://m.media-amazon.com/images/I/611X8GI7hpL._AC_UY654_FMwebp_QL65_.jpg,59,$5.83,True,False,True,False, | ,"FREE delivery Mon, Sep 9 on $35 of items shipped by Amazon",False
74,0805047905,"Brown Bear, Brown Bear, What Do You See?",$5.36,$1.49,USD,4.9,53384,https://www.amazon.com/dp/0805047905,https://m.media-amazon.com/images/I/81kZ3Gl3WKL._AC_UY654_FMwebp_QL65_.jpg,30,$1.05,True,False,True,False, | ,"FREE delivery Mon, Sep 9 on $35 of items shipped by Amazon",False
75,B0CYQPK5QY,The Anti-Heroes: A Novel,$1.99,$5.99,USD,4.4,59,https://www.amazon.com/dp/B0CYQPK5QY,https://m.media-amazon.com/images/I/71ayQPq+AUL._AC_UY654_FMwebp_QL65_.jpg,1,$1.99,True,False,True,False, | ,,False
76,0060935464,To Kill a Mockingbird,$9.71,$16.99,USD,4.7,137169,https://www.amazon.com/dp/0060935464,https://m.media-amazon.com/images/I/81aY1lxk+9L._AC_UY654_FMwebp_QL65_.jpg,64,$2.02,False,False,True,False, | ,"FREE delivery Mon, Sep 9 on $35 of items shipped by Amazon",False
77,B0CQ35ZK15,The Usual Silence (Arles Shepherd Thriller Book 1),$1.99,$3.99,USD,3.8,23,https://www.amazon.com/dp/B0CQ35ZK15,https://m.media-amazon.com/images/I/91VzhDFQjtL._AC_UY654_FMwebp_QL65_.jpg,1,$1.99,True,False,True,False, | ,,False
78,B0CR4FYC8R,On the Edge: The Art of Risking Everything,$0.00,$22.50,USD,4.2,137,https://www.amazon.com/dp/B0CR4FYC8R,https://m.media-amazon.com/images/I/718qFqYch9L._AC_UY654_FMwebp_QL65_.jpg,1,$0.00,True,False,True,False,List: ,Available instantly,False
79,136810763X,Percy Jackson and the Olympians: Wrath of the Triple Goddess (Percy Jackson &amp; the Olympians),$15.99,$19.99,USD,,0,https://www.amazon.com/dp/136810763X,https://m.media-amazon.com/images/I/91FkwrxEvCL._AC_UY654_FMwebp_QL65_.jpg,1,$15.99,True,False,False,False, | ,"FREE delivery on $35 shipped by Amazon.This title will be released on September 24, 2024.",False
80,B01DYO4MVG,A Court of Mist and Fury,$0.00,$25.79,USD,4.8,207741,https://www.amazon.com/dp/B01DYO4MVG,https://m.media-amazon.com/images/I/81rXZ3NDrKL._AC_UY654_FMwebp_QL65_.jpg,42,$6.70,True,False,True,False, | ,Available instantly,False
81,0593193822,Practicing the Way: Be with Jesus. Become like him. Do as he did.,$13.99,$26.00,USD,4.8,1478,https://www.amazon.com/dp/0593193822,https://m.media-amazon.com/images/I/81M93FbD6ZL._AC_UY654_FMwebp_QL65_.jpg,29,$11.11,True,False,True,False, | ,"FREE delivery Tue, Sep 10 on $35 of items shipped by Amazon",False
82,0399501487,Lord of the Flies,$6.60,$12.00,USD,4.5,48644,https://www.amazon.com/dp/0399501487,https://m.media-amazon.com/images/I/716MU3GOvJL._AC_UY654_FMwebp_QL65_.jpg,48,$1.89,False,False,True,False, | ,"FREE delivery Mon, Sep 9 on $35 of items shipped by Amazon",False
83,1523505745,I Will Teach You to Be Rich: No Guilt. No Excuses. Just a 6-Week Program That Works (Second Edition),$10.17,$16.99,USD,4.7,20248,https://www.amazon.com/dp/1523505745,https://m.media-amazon.com/images/I/71zxiveV5ZL._AC_UY654_FMwebp_QL65_.jpg,36,$5.13,False,False,True,False, | ,"FREE delivery Mon, Sep 9 on $35 of items shipped by Amazon",False
84,1419766953,Hot Mess (Diary of a Wimpy Kid Book 19) (Volume 19),$10.49,$14.99,USD,,0,https://www.amazon.com/dp/1419766953,https://m.media-amazon.com/images/I/81mFBsBFYXL._AC_UY654_FMwebp_QL65_.jpg,1,$10.49,True,False,True,False, | ,"FREE delivery Mon, Oct 28 on $35 of items shipped by AmazonOr fastest delivery Tue, Oct 22 This title will be released on October 22, 2024.",False
85,B0CL5FT1GZ,Daydream: A Novel (The Maple Hills Series Book 3),$10.99,$19.99,USD,4.3,2170,https://www.amazon.com/dp/B0CL5FT1GZ,https://m.media-amazon.com/images/I/71EVPOrf8kL._AC_UY654_FMwebp_QL65_.jpg,1,$10.99,False,False,True,False, | ,Available instantly,False
86,0063392887,Shameless: Republicans&#x27; Deliberate Dysfunction and the Battle to Preserve Democracy,$19.45,$27.99,USD,4.6,483,https://www.amazon.com/dp/0063392887,https://m.media-amazon.com/images/I/71Ksxg755xL._AC_UY654_FMwebp_QL65_.jpg,17,$14.10,False,False,True,False, | ,"FREE delivery Tue, Sep 10 on $35 of items shipped by Amazon",False
87,B0D9PLJ5KZ,The Widow&#x27;s Husband&#x27;s Secret Lie: A Satirical Novella,$4.99,$6.99,USD,3.6,14632,https://www.amazon.com/dp/B0D9PLJ5KZ,https://m.media-amazon.com/images/I/61lZ0+GdY6L._AC_UY654_FMwebp_QL65_.jpg,1,$4.99,True,False,True,False, | ,"FREE delivery Wed, Sep 18 on $35 of items shipped by Amazon",False
88,B0CL5DFTPW,Shadow of Doubt: A Thriller (Scot Harvath Book 23),$14.99,$29.99,USD,4.7,4484,https://www.amazon.com/dp/B0CL5DFTPW,https://m.media-amazon.com/images/I/71kglgRQOOL._AC_UY654_FMwebp_QL65_.jpg,25,$14.98,True,False,True,False, | ,Available instantly,False
89,1087788943,Luke in the Land - Bible Study Book with Video Access,$24.99,,USD,4.9,28,https://www.amazon.com/dp/1087788943,https://m.media-amazon.com/images/I/91OLaF2AzgL._AC_UY654_FMwebp_QL65_.jpg,9,$23.99,True,False,True,False, | ,"FREE delivery Mon, Sep 9 on $35 of items shipped by Amazon",False
90,B0D55MQN2R,Fuzzy Hygge: Cute and Cozy Coloring Book for Adults &amp; Teens Featuring Adorable Animals Characters for Stress Relief (Fuzzy Friends Coloring),$7.99,,USD,4.7,254,https://www.amazon.com/dp/B0D55MQN2R,https://m.media-amazon.com/images/I/71vE85OsuDL._AC_UY654_FMwebp_QL65_.jpg,1,$7.99,True,False,False,False, | ,FREE delivery on $35 shipped by Amazon.,False
91,B0DDYD77P1,Cucina Palermo: My Homemade Cookbook,$22.49,$24.99,USD,4.7,30,https://www.amazon.com/dp/B0DDYD77P1,https://m.media-amazon.com/images/I/71VbcNyqLCL._AC_UY654_FMwebp_QL65_.jpg,1,$22.49,False,False,True,False, | ,"FREE delivery Wed, Sep 11 on $35 of items shipped by Amazon",False
92,B0C4JMJBNX,Iron Flame (The Empyrean Book 2),$14.99,$29.99,USD,4.6,188798,https://www.amazon.com/dp/B0C4JMJBNX,https://m.media-amazon.com/images/I/912fTvsUKLL._AC_UY654_FMwebp_QL65_.jpg,43,$8.95,False,False,True,False, | ,Available instantly,False
93,0544336267,"The Giver: A Newbery Award Winner (Giver Quartet, 1)",$7.00,$11.99,USD,4.6,41543,https://www.amazon.com/dp/0544336267,https://m.media-amazon.com/images/I/819XiIZg59L._AC_UY654_FMwebp_QL65_.jpg,56,$0.99,True,False,True,False, | ,"FREE delivery Mon, Sep 9 on $35 of items shipped by Amazon",False
94,0140177396,Of Mice and Men,$7.69,$13.00,USD,4.6,41014,https://www.amazon.com/dp/0140177396,https://m.media-amazon.com/images/I/71xXwHUrsxL._AC_UY654_FMwebp_QL65_.jpg,50,$1.35,False,False,True,False, | ,"FREE delivery Mon, Sep 9 on $35 of items shipped by Amazon",False
95,0938256939,"School Zone - Multiplication 0-12 Flash Cards - Ages 8+, 3rd Grade, 4th Grade, Elementary Math, Multiplication Facts, Common Core, and More",$3.49,,USD,4.7,29336,https://www.amazon.com/dp/0938256939,https://m.media-amazon.com/images/I/715AP6HQifL._AC_UY654_FMwebp_QL65_.jpg,1,$3.49,True,False,True,False, | ,"FREE delivery Mon, Sep 9 on $35 of items shipped by Amazon",False
96,B09DTGQHKJ,Remarkably Bright Creatures: A Novel,$0.00,$25.19,USD,4.6,76124,https://www.amazon.com/dp/B09DTGQHKJ,https://m.media-amazon.com/images/I/91jbLYiK43L._AC_UY654_FMwebp_QL65_.jpg,42,$10.98,True,False,True,False,List: ,Available instantly,False
97,B0CFM9PSV7,Born of Blood and Ash: A Flesh and Fire Novel,$8.99,$22.99,USD,4.4,3124,https://www.amazon.com/dp/B0CFM9PSV7,https://m.media-amazon.com/images/I/919FeCFPmPL._AC_UY654_FMwebp_QL65_.jpg,3,$14.99,False,False,True,False, | ,Available instantly,False
98,B0CQHL7KCH,The Dark Wives: A Vera Stanhope Novel,$14.99,$29.00,USD,4.6,1296,https://www.amazon.com/dp/B0CQHL7KCH,https://m.media-amazon.com/images/I/81Fg-Z1BHgL._AC_UY654_FMwebp_QL65_.jpg,1,$14.99,False,False,True,False, | ,Available instantly,False
99,B071RR4DPV,A Court of Wings and Ruin,$0.00,$30.09,USD,4.8,192282,https://www.amazon.com/dp/B071RR4DPV,https://m.media-amazon.com/images/I/81kScfXoFbL._AC_UY654_FMwebp_QL65_.jpg,41,$6.89,True,False,True,False, | ,Available instantly,False
100,1641526270,"My First Learn-to-Write Workbook: Practice for Kids with Pen Control, Line Tracing, Letters, and More!",$5.84,$8.99,USD,4.8,84968,https://www.amazon.com/dp/1641526270,https://m.media-amazon.com/images/I/71-IU8JFyZL._AC_UY654_FMwebp_QL65_.jpg,28,$1.78,True,False,True,False, | ,"FREE delivery Mon, Sep 9 on $35 of items shipped by Amazon",False
101,B0CL5F4FKJ,Spirit Crossing: A Novel (Cork O&#x27;Connor Mystery Series Book 20),$14.99,$28.99,USD,4.6,1519,https://www.amazon.com/dp/B0CL5F4FKJ,https://m.media-amazon.com/images/I/81bA1Dpz8VL._AC_UY654_FMwebp_QL65_.jpg,25,$18.99,False,False,True,False, | ,Available instantly,False
102,1338233580,Flash Cards: Sight Words,$2.88,$3.49,USD,4.8,29283,https://www.amazon.com/dp/1338233580,https://m.media-amazon.com/images/I/71HtAExOQjL._AC_UY654_FMwebp_QL65_.jpg,10,$2.25,True,False,True,False, | ,"FREE delivery Mon, Sep 9 on $35 of items shipped by Amazon",False
103,0063413442,Shepherds for Sale: How Evangelical Leaders Traded the Truth for a Leftist Agenda,$26.38,$32.99,USD,4.7,802,https://www.amazon.com/dp/0063413442,https://m.media-amazon.com/images/I/610+HpYh73L._AC_UY654_FMwebp_QL65_.jpg,1,$26.38,False,False,True,False, | ,"FREE delivery Tue, Sep 10 on $35 of items shipped by Amazon",False
104,B07KKP62FW,Can&#x27;t Hurt Me: Master Your Mind and Defy the Odds,$0.00,$24.95,USD,4.8,95122,https://www.amazon.com/dp/B07KKP62FW,https://m.media-amazon.com/images/I/81gByv+FhjL._AC_UY654_FMwebp_QL65_.jpg,2,$19.19,False,False,True,False,List: ,Available instantly,False
105,B0CQS2HR4S,Bad Reputation,$1.99,$3.99,USD,3.9,32,https://www.amazon.com/dp/B0CQS2HR4S,https://m.media-amazon.com/images/I/710-ELQMrsL._AC_UY654_FMwebp_QL65_.jpg,1,$1.99,False,False,True,False, | ,,False
106,B0CM5L5T6D,Five Brothers,$9.99,$19.00,USD,4.4,3729,https://www.amazon.com/dp/B0CM5L5T6D,https://m.media-amazon.com/images/I/91E8ZYIEh2L._AC_UY654_FMwebp_QL65_.jpg,28,$9.54,False,False,True,False, | ,Available instantly,False
107,080241270X,The 5 Love Languages: The Secret to Love that Lasts,$9.83,$16.99,USD,4.8,93163,https://www.amazon.com/dp/080241270X,https://m.media-amazon.com/images/I/81m1gW3w+EL._AC_UY654_FMwebp_QL65_.jpg,93,$1.32,True,False,True,False, | ,"FREE delivery Mon, Sep 9 on $35 of items shipped by Amazon",False
108,B0CF6K1NZ9,Nuclear War: A Scenario,$0.00,$20.25,USD,4.7,5256,https://www.amazon.com/dp/B0CF6K1NZ9,https://m.media-amazon.com/images/I/81Mu58B59CL._AC_UY654_FMwebp_QL65_.jpg,28,$18.52,True,False,True,False,List: ,Available instantly,False
109,0385376715,The Wonderful Things You Will Be,$9.40,$17.99,USD,4.9,30702,https://www.amazon.com/dp/0385376715,https://m.media-amazon.com/images/I/610gwIC++LL._AC_UY654_FMwebp_QL65_.jpg,35,$1.29,True,False,True,False, | ,"FREE delivery Mon, Sep 9 on $35 of items shipped by Amazon",False
110,0671027034,How to Win Friends &amp; Influence People (Dale Carnegie Books),$10.29,$18.99,USD,4.7,33091,https://www.amazon.com/dp/0671027034,https://m.media-amazon.com/images/I/71vK0WVQ4rL._AC_UY654_FMwebp_QL65_.jpg,45,$3.02,False,False,True,False, | ,"FREE delivery Mon, Sep 9 on $35 of items shipped by Amazon",False
111,1728213746,I Love You Like No Otter: A Funny and Sweet Board Book for Babies and Toddlers (Punderland),$5.37,$8.99,USD,4.9,11479,https://www.amazon.com/dp/1728213746,https://m.media-amazon.com/images/I/81a5X+c7kkL._AC_UY654_FMwebp_QL65_.jpg,29,$1.89,True,False,True,False, | ,"FREE delivery Mon, Sep 9 on $35 of items shipped by Amazon",False
112,1585424331,Think and Grow Rich: The Landmark Bestseller Now Revised and Updated for the 21st Century (Think and Grow Rich Series),$8.59,$11.00,USD,4.8,26195,https://www.amazon.com/dp/1585424331,https://m.media-amazon.com/images/I/61CIKpN5QjL._AC_UY654_FMwebp_QL65_.jpg,40,$0.32,False,False,True,False, | ,"FREE delivery Mon, Sep 9 on $35 of items shipped by Amazon",False
113,0374500010,Night,$6.27,$13.00,USD,4.7,21112,https://www.amazon.com/dp/0374500010,https://m.media-amazon.com/images/I/81JmqR3cjwL._AC_UY654_FMwebp_QL65_.jpg,79,$0.01,False,False,True,False, | ,"FREE delivery Mon, Sep 9 on $35 of items shipped by Amazon",False
114,0807014273,Man&#x27;s Search for Meaning,$11.40,$16.00,USD,4.7,88861,https://www.amazon.com/dp/0807014273,https://m.media-amazon.com/images/I/91x-lhVENfL._AC_UY654_FMwebp_QL65_.jpg,74,$4.99,True,False,True,False, | ,"FREE delivery Mon, Sep 9 on $35 of items shipped by Amazon",False
115,B0B64WL9PK,Outlive: The Science and Art of Longevity,$0.00,$22.50,USD,4.6,15421,https://www.amazon.com/dp/B0B64WL9PK,https://m.media-amazon.com/images/I/71IQ8lCksdL._AC_UY654_FMwebp_QL65_.jpg,52,$9.77,True,False,True,False,List: ,Available instantly,False
116,108779031X,Ephesians - Bible Study Book with Video Access: A Study of Faith and Practice,$21.99,,USD,4.8,77,https://www.amazon.com/dp/108779031X,https://m.media-amazon.com/images/I/711wwFEkgXL._AC_UY654_FMwebp_QL65_.jpg,14,$21.11,False,False,True,False, | ,"FREE delivery Mon, Sep 9 on $35 of items shipped by Amazon",False
117,B0CGMLN241,All Fours: A Novel,$0.00,$20.25,USD,3.9,4233,https://www.amazon.com/dp/B0CGMLN241,https://m.media-amazon.com/images/I/911uD+R8aOL._AC_UY654_FMwebp_QL65_.jpg,33,$14.67,False,False,True,False,List: ,Available instantly,False
118,B0CKTPVQLD,Hill of Secrets: A Novel,$1.99,$3.99,USD,3.9,36,https://www.amazon.com/dp/B0CKTPVQLD,https://m.media-amazon.com/images/I/81hLVlMv-xL._AC_UY654_FMwebp_QL65_.jpg,1,$1.99,True,False,True,False, | ,,False
119,059350058X,The Devil at His Elbow: Alex Murdaugh and the Fall of a Southern Dynasty,$21.75,$32.00,USD,4.8,195,https://www.amazon.com/dp/059350058X,https://m.media-amazon.com/images/I/71-Ryi3EgPL._AC_UY654_FMwebp_QL65_.jpg,1,$21.75,True,False,False,False, | ,FREE delivery on $35 shipped by Amazon.Usually ships within 1 to 4 weeks,False
120,B0CTN29L42,The Housemaid Is Watching,$0.00,$24.95,USD,4.2,119137,https://www.amazon.com/dp/B0CTN29L42,https://m.media-amazon.com/images/I/91SMFFD6MgL._AC_UY654_FMwebp_QL65_.jpg,28,$8.96,False,False,True,False, | ,Available instantly,False
121,B0CBCYFW9S,James: A Novel,$0.00,$20.25,USD,4.6,16632,https://www.amazon.com/dp/B0CBCYFW9S,https://m.media-amazon.com/images/I/61cHVoYsucL._AC_UY654_FMwebp_QL65_.jpg,1,$0.00,True,False,True,False,List: ,Available instantly,False
122,B0CPCW1RW8,Apprentice to the Villain (Assistant and the Villain Book 2),$12.99,$19.99,USD,4.5,3363,https://www.amazon.com/dp/B0CPCW1RW8,https://m.media-amazon.com/images/I/81BNc9rDTEL._AC_UY654_FMwebp_QL65_.jpg,1,$12.99,False,False,True,False, | ,Available instantly,False
123,1589255518,I Love You to the Moon and Back,$4.20,$7.99,USD,4.9,75686,https://www.amazon.com/dp/1589255518,https://m.media-amazon.com/images/I/81mpSoJzv4L._AC_UY654_FMwebp_QL65_.jpg,16,$1.24,True,False,True,False, | ,"FREE delivery Tue, Sep 10 on $35 of items shipped by Amazon",False
124,1501161938,The Seven Husbands of Evelyn Hugo: A Novel,$9.99,$17.00,USD,4.6,237589,https://www.amazon.com/dp/1501161938,https://m.media-amazon.com/images/I/71KcUgYanhL._AC_UY654_FMwebp_QL65_.jpg,66,$2.42,False,False,True,False, | ,"FREE delivery Mon, Sep 9 on $35 of items shipped by Amazon",False
125,1668009749,The King Arthur Baking Company Big Book of Bread: 125+ Recipes for Every Baker (A Cookbook),$27.00,$45.00,USD,,0,https://www.amazon.com/dp/1668009749,https://m.media-amazon.com/images/I/817BoUB6oNL._AC_UY654_FMwebp_QL65_.jpg,1,$27.00,True,False,False,False, | ,"FREE delivery on $35 shipped by Amazon.This title will be released on October 22, 2024.",False
126,0593418573,Unreasonable Hospitality: The Remarkable Power of Giving People More Than They Expect,$16.47,$29.00,USD,4.8,3283,https://www.amazon.com/dp/0593418573,https://m.media-amazon.com/images/I/71JgUTHCL0L._AC_UY654_FMwebp_QL65_.jpg,38,$10.81,True,False,True,False, | ,"FREE delivery Mon, Sep 9 on $35 of items shipped by Amazon",False
127,B0CMQDGBG5,Angel of Vengeance (Agent Pendergast Series),$14.99,$30.00,USD,4.7,2725,https://www.amazon.com/dp/B0CMQDGBG5,https://m.media-amazon.com/images/I/81LKaEeCcZL._AC_UY654_FMwebp_QL65_.jpg,25,$14.99,True,False,True,False, | ,Available instantly,False
128,B07Q4XWX8C,Verity,$0.00,$19.95,USD,4.6,359453,https://www.amazon.com/dp/B07Q4XWX8C,https://m.media-amazon.com/images/I/91GK2UcpNmL._AC_UY654_FMwebp_QL65_.jpg,63,$2.19,True,False,True,False,List: ,Available instantly,False
129,B0CN8KX5QP,Tom Clancy Shadow State (A Jack Ryan Jr. Novel Book 12),$14.99,$32.00,USD,4.7,1177,https://www.amazon.com/dp/B0CN8KX5QP,https://m.media-amazon.com/images/I/91f6ZLft1kL._AC_UY654_FMwebp_QL65_.jpg,24,$16.75,True,False,True,False, | ,Available instantly,False
130,B0CKZJ25JQ,The Briar Club: A Novel,$0.00,$25.19,USD,4.6,3917,https://www.amazon.com/dp/B0CKZJ25JQ,https://m.media-amazon.com/images/I/A11RNytjGkL._AC_UY654_FMwebp_QL65_.jpg,27,$19.00,True,False,True,False,List: ,Available instantly,False
131,1683372301,The Care and Keeping of You 1: The Body Book for Younger Girls (American Girl® Wellbeing),$12.64,$12.99,USD,4.6,1349,https://www.amazon.com/dp/1683372301,https://m.media-amazon.com/images/I/71i+RMXuRqL._AC_UY654_FMwebp_QL65_.jpg,26,$9.85,True,False,True,False, | ,"FREE delivery Mon, Sep 9 on $35 of items shipped by Amazon",False
132,B0CL72PR7B,A Death in Cornwall: A Novel (Gabriel Allon Book 24),$15.99,$25.19,USD,4.5,13739,https://www.amazon.com/dp/B0CL72PR7B,https://m.media-amazon.com/images/I/81KoDl1nhVL._AC_UY654_FMwebp_QL65_.jpg,28,$12.32,False,False,True,False, | ,Available instantly,False
133,1558585362,The Rainbow Fish,$5.94,$9.95,USD,4.8,6189,https://www.amazon.com/dp/1558585362,https://m.media-amazon.com/images/I/81YNkSjQ+XL._AC_UY654_FMwebp_QL65_.jpg,27,$1.73,True,False,True,False, | ,"FREE delivery Mon, Sep 9 on $35 of items shipped by Amazon",False
134,B07JX7ZDJ3,The Silent Patient,$0.00,$20.24,USD,4.4,325748,https://www.amazon.com/dp/B07JX7ZDJ3,https://m.media-amazon.com/images/I/91RVshgQn1S._AC_UY654_FMwebp_QL65_.jpg,50,$2.57,False,False,True,False,List: ,Available instantly,False
135,1639730192,"A Court of Thorns and Roses Paperback Box Set (5 books) (A Court of Thorns and Roses, 9)",$50.00,$95.00,USD,4.8,32175,https://www.amazon.com/dp/1639730192,https://m.media-amazon.com/images/I/81h4xinmqmL._AC_UY654_FMwebp_QL65_.jpg,44,$42.00,False,False,True,False, | ,"FREE delivery Mon, Sep 9",False
136,1639730192,"A Court of Thorns and Roses Paperback Box Set (5 books) (A Court of Thorns and Roses, 9)",$50.00,$95.00,USD,4.8,32175,https://www.amazon.com/dp/1639730192,https://m.media-amazon.com/images/I/81h4xinmqmL._AC_UY654_FMwebp_QL65_.jpg,44,$42.00,False,False,True,False, | ,"FREE delivery Mon, Sep 9",False
137,B00NY8OTR0,The Nightingale,$0.00,$24.74,USD,4.7,319957,https://www.amazon.com/dp/B00NY8OTR0,https://m.media-amazon.com/images/I/81MSoBp+PAL._AC_UY654_FMwebp_QL65_.jpg,47,$4.66,True,False,True,False,List: ,Available instantly,False
138,078523683X,The Art of Home: A Designer Guide to Creating an Elevated Yet Approachable Home,$17.00,$39.99,USD,4.5,1656,https://www.amazon.com/dp/078523683X,https://m.media-amazon.com/images/I/71CypC+lAeL._AC_UY654_FMwebp_QL65_.jpg,24,$16.83,True,False,True,False, | ,"FREE delivery Mon, Sep 9 on $35 of items shipped by Amazon",False
139,1442450703,Chicka Chicka Boom Boom (Board Book),$4.59,$7.99,USD,4.9,39286,https://www.amazon.com/dp/1442450703,https://m.media-amazon.com/images/I/51WABgZmdWL._AC_UY654_FMwebp_QL65_.jpg,31,$1.16,True,False,True,False, | ,"FREE delivery Mon, Sep 9 on $35 of items shipped by Amazon",False
140,B08FCXG1SB,A Court of Silver Flames,$0.00,$30.09,USD,4.8,170219,https://www.amazon.com/dp/B08FCXG1SB,https://m.media-amazon.com/images/I/91dvInY9WWL._AC_UY654_FMwebp_QL65_.jpg,37,$8.75,True,False,True,False, | ,Available instantly,False
141,1394259913,The Official ACT Prep Guide 2024-2025: Book + 9 Practice Tests + 400 Digital Flashcards + Online Course,$29.32,$39.95,USD,4.6,103,https://www.amazon.com/dp/1394259913,https://m.media-amazon.com/images/I/81XWahQULEL._AC_UY654_FMwebp_QL65_.jpg,19,$24.99,True,False,True,False, | ,"FREE delivery Mon, Sep 9 on $35 of items shipped by Amazon",False
142,0679734775,The House on Mango Street,$7.40,$12.95,USD,4.4,11953,https://www.amazon.com/dp/0679734775,https://m.media-amazon.com/images/I/816npdbGcAL._AC_UY654_FMwebp_QL65_.jpg,69,$1.91,True,False,True,False, | ,"FREE delivery Mon, Sep 9 on $35 of items shipped by Amazon",False
143,1454952717,What to Cook When You Don&#x27;t Feel Like Cooking - A Cookbook,$12.99,$16.99,USD,5,692,https://www.amazon.com/dp/1454952717,https://m.media-amazon.com/images/I/91WcfatA2eL._AC_UY654_FMwebp_QL65_.jpg,4,$33.24,True,False,False,False, | ,,False
144,B0DFRL16Y1,Nantucket Summer House (Nantucket Beach Plum Cove Book 9),$5.99,$14.99,USD,4.6,55,https://www.amazon.com/dp/B0DFRL16Y1,https://m.media-amazon.com/images/I/81kD1RFowOL._AC_UY654_FMwebp_QL65_.jpg,1,$5.99,True,False,True,False, | ,Available instantly,False
145,1457316706,The Official Digital SAT Study Guide (Official Digital Study Guide),$17.56,$34.99,USD,4.4,243,https://www.amazon.com/dp/1457316706,https://m.media-amazon.com/images/I/716nKw-6UxL._AC_UY654_FMwebp_QL65_.jpg,31,$11.99,True,False,True,False, | ,"FREE delivery Mon, Sep 9 on $35 of items shipped by Amazon",False
146,0399226907,The Very Hungry Caterpillar,$6.99,$4.50,USD,4.9,75539,https://www.amazon.com/dp/0399226907,https://m.media-amazon.com/images/I/81qsstEtrgL._AC_UY654_FMwebp_QL65_.jpg,52,$2.35,True,False,True,False, | ,"FREE delivery Mon, Sep 9 on $35 of items shipped by Amazon",False
147,B09QH6C42C,Demon Copperhead: A Novel,$0.00,$40.49,USD,4.6,111620,https://www.amazon.com/dp/B09QH6C42C,https://m.media-amazon.com/images/I/91eIanmV7KL._AC_UY654_FMwebp_QL65_.jpg,1,$0.00,True,False,True,False,List: ,Available instantly,False
148,069284838X,What Should Danny Do? (The Power to Choose Series),$8.89,$21.99,USD,4.8,24499,https://www.amazon.com/dp/069284838X,https://m.media-amazon.com/images/I/817C51ut29L._AC_UY654_FMwebp_QL65_.jpg,36,$1.99,True,False,True,False, | ,"FREE delivery Mon, Sep 9 on $35 of items shipped by Amazon",False
149,0142437336,The Crucible: A Play in Four Acts,$9.98,$16.00,USD,4.5,6974,https://www.amazon.com/dp/0142437336,https://m.media-amazon.com/images/I/810RmfqB0bL._AC_UY654_FMwebp_QL65_.jpg,48,$3.00,True,False,True,False, | ,"FREE delivery Mon, Sep 9 on $35 of items shipped by Amazon",False
150,1506290442,"GED Test Prep Plus 2024-2025: Includes 2 Full Length Practice Tests, 1000+ Practice Questions, and 60+ Online Videos (Kaplan Test Prep)",$17.89,$29.99,USD,4.7,550,https://www.amazon.com/dp/1506290442,https://m.media-amazon.com/images/I/61CoTljz4eL._AC_UY654_FMwebp_QL65_.jpg,21,$14.00,True,False,True,False, | ,"FREE delivery Mon, Sep 9 on $35 of items shipped by Amazon",False
151,1626251703,"Adult Children of Emotionally Immature Parents: How to Heal from Distant, Rejecting, or Self-Involved Parents",$12.79,$18.95,USD,4.8,23583,https://www.amazon.com/dp/1626251703,https://m.media-amazon.com/images/I/71LFfnWn5DL._AC_UY654_FMwebp_QL65_.jpg,51,$5.87,True,False,True,False, | ,"FREE delivery Mon, Sep 9 on $35 of items shipped by Amazon",False
152,B0C4BHDZGM,First Lie Wins: A Novel,$0.00,$20.25,USD,4.3,60764,https://www.amazon.com/dp/B0C4BHDZGM,https://m.media-amazon.com/images/I/81O4b-j4vnL._AC_UY654_FMwebp_QL65_.jpg,38,$7.97,False,False,True,False,Print List Price: ,Available instantly,False
153,B0CDWHN8FK,Just for the Summer,$11.99,$17.99,USD,4.6,46614,https://www.amazon.com/dp/B0CDWHN8FK,https://m.media-amazon.com/images/I/81tVBUv75vL._AC_UY654_FMwebp_QL65_.jpg,32,$6.54,False,False,True,False, | ,Available instantly,False
154,B0BZJKXS33,The Lost Bookshop,$0.00,$29.03,USD,4.4,91368,https://www.amazon.com/dp/B0BZJKXS33,https://m.media-amazon.com/images/I/91pTtqkJdsL._AC_UY654_FMwebp_QL65_.jpg,34,$6.28,True,False,True,False,List: ,Available instantly,False
155,B0BPTKTBB2,The Heaven &amp; Earth Grocery Store: A Novel,$0.00,$22.50,USD,4.4,59486,https://www.amazon.com/dp/B0BPTKTBB2,https://m.media-amazon.com/images/I/81VgwKeq6jL._AC_UY654_FMwebp_QL65_.jpg,36,$11.95,True,False,True,False,Print List Price: ,Available instantly,False
156,1628604867,The Muscle Ladder: Get Jacked Using Science,$35.97,$59.95,USD,,0,https://www.amazon.com/dp/1628604867,https://m.media-amazon.com/images/I/81HNjepZ1OL._AC_UY654_FMwebp_QL65_.jpg,1,$35.97,True,False,True,False, | ,"FREE delivery Mon, Jan 6 Or fastest delivery Tue, Dec 31 This title will be released on December 31, 2024.",False
157,0634038176,Essential Elements for Strings - Violin Book 1 with EEi Book/Online Media,$11.69,$12.99,USD,4.7,11769,https://www.amazon.com/dp/0634038176,https://m.media-amazon.com/images/I/61zHjIl6BzL._AC_UY654_FMwebp_QL65_.jpg,42,$3.24,True,False,True,False, | ,"FREE delivery Mon, Sep 9 on $35 of items shipped by Amazon",False
158,1450805752,"World of Eric Carle, Around the Farm 30-Button Animal Sound Book - Great for First Words - PI Kids",$10.45,$16.98,USD,4.8,23691,https://www.amazon.com/dp/1450805752,https://m.media-amazon.com/images/I/91WyMdm13iL._AC_UY654_FMwebp_QL65_.jpg,17,$3.86,True,False,True,False, | ,"FREE delivery Mon, Sep 9 on $35 of items shipped by Amazon",False
159,B0BXK3SRBL,The Frozen River: A Novel,$0.00,$22.50,USD,4.6,27913,https://www.amazon.com/dp/B0BXK3SRBL,https://m.media-amazon.com/images/I/A1-ni760x4L._AC_UY654_FMwebp_QL65_.jpg,34,$17.31,False,False,True,False,Print List Price: ,Available instantly,False
160,1570674248,Chef AJ&#x27;s Sweet Indulgence: Guilt-Free Treats Sweetened Naturally with Fruit,$25.99,$34.95,USD,4.7,47,https://www.amazon.com/dp/1570674248,https://m.media-amazon.com/images/I/819rG7bAKNL._AC_UY654_FMwebp_QL65_.jpg,1,$25.99,True,False,False,False, | ,FREE delivery on $35 shipped by Amazon.,False
161,0593652886,The Creative Act: A Way of Being,$19.25,$32.00,USD,4.7,7998,https://www.amazon.com/dp/0593652886,https://m.media-amazon.com/images/I/918EkrTDaRL._AC_UY654_FMwebp_QL65_.jpg,39,$15.00,True,False,True,False, | ,"FREE delivery Mon, Sep 9 on $35 of items shipped by Amazon",False
162,B0D349TCTS,Quicksilver (The Fae &amp; Alchemy Series Book 1),$0.00,$21.16,USD,4.7,24793,https://www.amazon.com/dp/B0D349TCTS,https://m.media-amazon.com/images/I/81HCDvaj5PL._AC_UY654_FMwebp_QL65_.jpg,1,$0.00,True,False,False,False, | ,Available instantly,False
163,1506294383,"MCAT Complete 7-Book Subject Review 2025-2026, Set Includes Books, Online Prep, 3 Practice Tests (Kaplan Test Prep)",$177.90,$289.99,USD,4.7,251,https://www.amazon.com/dp/1506294383,https://m.media-amazon.com/images/I/71I4WDymjbL._AC_UY654_FMwebp_QL65_.jpg,19,$172.93,True,False,True,False, | ,"FREE delivery Mon, Sep 9",False
164,B08669BBQ3,"Forgiving What You Can&#x27;t Forget: Discover How to Move On, Make Peace with Painful Memories, and Create a Life That&#x27;s Beautiful Again",$0.00,$22.49,USD,4.8,24363,https://www.amazon.com/dp/B08669BBQ3,https://m.media-amazon.com/images/I/81P7MVh9BoL._AC_UY654_FMwebp_QL65_.jpg,71,$8.83,True,False,True,False,List: ,Available instantly,False
165,B09BV2JNWV,Trust (Pulitzer Prize Winner),$11.99,$17.00,USD,4.1,30598,https://www.amazon.com/dp/B09BV2JNWV,https://m.media-amazon.com/images/I/81+KUHpN2zL._AC_UY654_FMwebp_QL65_.jpg,51,$4.34,False,False,True,False, | ,Available instantly,False
166,B0CQZ5RD9R,"The Mercy of Gods: Captive&#x27;s War, Book 1",$0.00,$21.49,USD,4.5,2299,https://www.amazon.com/dp/B0CQZ5RD9R,https://m.media-amazon.com/images/I/91kbJghe42L._AC_UY654_FMwebp_QL65_.jpg,30,$20.15,True,False,True,False, | ,Available instantly,False
167,172829617X,The Inmate,$11.27,$17.99,USD,4.4,144799,https://www.amazon.com/dp/172829617X,https://m.media-amazon.com/images/I/818na1KA3FL._AC_UY654_FMwebp_QL65_.jpg,29,$5.08,False,False,True,False, | ,"FREE delivery Mon, Sep 9 on $35 of items shipped by Amazon",False
168,0063297868,Out of the Darkness: The Mystery of Aaron Rodgers,$19.92,$29.99,USD,3.9,81,https://www.amazon.com/dp/0063297868,https://m.media-amazon.com/images/I/81ZEC8CFaCL._AC_UY654_FMwebp_QL65_.jpg,1,$19.92,True,False,True,False, | ,"FREE delivery Tue, Sep 10 on $35 of items shipped by Amazon",False
169,B0763LB5LQ,The Perfect Couple,$9.99,$19.99,USD,4.3,25067,https://www.amazon.com/dp/B0763LB5LQ,https://m.media-amazon.com/images/I/91kFLQq2B3L._AC_UY654_FMwebp_QL65_.jpg,29,$6.79,False,False,True,False, | ,Available instantly,False
170,B0CLKQF5HR,Swan Song,$14.99,$30.00,USD,4.4,20087,https://www.amazon.com/dp/B0CLKQF5HR,https://m.media-amazon.com/images/I/71dSn3QCY6L._AC_UY654_FMwebp_QL65_.jpg,37,$5.81,False,False,True,False, | ,Available instantly,False
171,0593517547,"Princeton Review Digital SAT Premium Prep, 2025: 5 Full-Length Practice Tests (2 in Book + 3 Adaptive Tests Online) + Online Flashcards + Review &amp; Tools (2025) (College Test Preparation)",$23.49,$37.99,USD,4.1,76,https://www.amazon.com/dp/0593517547,https://m.media-amazon.com/images/I/81eOmCjD4oL._AC_UY654_FMwebp_QL65_.jpg,34,$22.80,True,False,True,False, | ,"FREE delivery Mon, Sep 9 on $35 of items shipped by Amazon",False
172,173548153X,NO GRID Survival Projects,$39.00,,USD,4.7,4005,https://www.amazon.com/dp/173548153X,https://m.media-amazon.com/images/I/91CyzlXrXNL._AC_UY654_FMwebp_QL65_.jpg,1,$39.00,False,False,False,False, | ,$4.99 delivery Sep 12 - 18 Or fastest delivery Sep 9 - 12,False
173,B0CDQL7TTB,"The Demon of Unrest: A Saga of Hubris, Heartbreak, and Heroism at the Dawn of the Civil War",$0.00,$24.75,USD,4.5,7437,https://www.amazon.com/dp/B0CDQL7TTB,https://m.media-amazon.com/images/I/81AmrLE2wTL._AC_UY654_FMwebp_QL65_.jpg,40,$13.60,True,False,True,False,List: ,Available instantly,False
174,1542025605,Reminders of Him: A Novel,$9.57,$15.95,USD,4.7,283143,https://www.amazon.com/dp/1542025605,https://m.media-amazon.com/images/I/71rdsaOMvVL._AC_UY654_FMwebp_QL65_.jpg,29,$2.08,False,False,True,False, | ,"FREE delivery Tue, Sep 10 on $35 of items shipped by Amazon",False
175,B08T1NR1Q7,"Throne of Glass: Throne of Glass, Book 1",$0.00,$23.99,USD,4.5,114134,https://www.amazon.com/dp/B08T1NR1Q7,https://m.media-amazon.com/images/I/81NUJN4cE4L._AC_UY654_FMwebp_QL65_.jpg,41,$8.91,False,False,True,False, | ,Available instantly,False
176,0671631985,Teach Your Child to Read in 100 Easy Lessons: Revised and Updated Second Edition,$15.99,$29.99,USD,4.6,16534,https://www.amazon.com/dp/0671631985,https://m.media-amazon.com/images/I/719V04p9YaL._AC_UY654_FMwebp_QL65_.jpg,63,$3.11,False,False,True,False, | ,"FREE delivery Mon, Sep 9 on $35 of items shipped by Amazon",False
177,1433563428,ESV Church Bible (Black),$5.99,$12.99,USD,4.8,1773,https://www.amazon.com/dp/1433563428,https://m.media-amazon.com/images/I/61gPEiyt0iL._AC_UY654_FMwebp_QL65_.jpg,20,$4.29,True,False,True,False, | ,"FREE delivery Mon, Sep 9 on $35 of items shipped by Amazon",False
178,159562015X,StrengthsFinder 2.0,$20.75,$49.99,USD,4.1,8331,https://www.amazon.com/dp/159562015X,https://m.media-amazon.com/images/I/81CG6c0bCkL._AC_UY654_FMwebp_QL65_.jpg,107,$0.01,True,False,True,False, | ,"FREE delivery Mon, Sep 9 on $35 of items shipped by Amazon",False
179,0578629097,Our Class is a Family (The Classroom Community Collection),$11.69,$12.99,USD,4.8,14824,https://www.amazon.com/dp/0578629097,https://m.media-amazon.com/images/I/715mUao8RLL._AC_UY654_FMwebp_QL65_.jpg,5,$7.70,True,False,True,False, | ,"FREE delivery Tue, Sep 10 on $35 of items shipped by Amazon",False
180,B0CJCKGRW1,The Book. The Ultimate Guide to Rebuilding a Civilization - Inspirational Science Books for Adults - Unique Artifact - Knowledge Encyclopedia with Over 400 Pages of Detailed &amp; Catchy Illustrations,$119.00,,USD,4.6,551,https://www.amazon.com/dp/B0CJCKGRW1,https://m.media-amazon.com/images/I/71u9S3hxANL._AC_UY654_FMwebp_QL65_.jpg,1,$119.00,False,False,True,False, | ,"FREE delivery Mon, Sep 9",False
181,083077744X,The Action Bible: God&#x27;s Redemptive Story (Action Bible Series),$14.14,$32.99,USD,4.9,9503,https://www.amazon.com/dp/083077744X,https://m.media-amazon.com/images/I/81ydk0sI7HL._AC_UY654_FMwebp_QL65_.jpg,27,$4.95,True,False,True,False, | ,"FREE delivery Mon, Sep 9 on $35 of items shipped by Amazon",False
182,1070527718,"Dad, I Want to Hear Your Story: A Father’s Guided Journal To Share His Life &amp; His Love (Hear Your Story Books)",$11.95,$19.95,USD,4.7,6633,https://www.amazon.com/dp/1070527718,https://m.media-amazon.com/images/I/51ZvZFJOsrL._AC_UY654_FMwebp_QL65_.jpg,4,$3.92,True,False,True,False, | ,"FREE delivery Mon, Sep 9 on $35 of items shipped by Amazon",False
183,1450845800,The Book of Unusual Knowledge,$9.99,$16.98,USD,4.7,18964,https://www.amazon.com/dp/1450845800,https://m.media-amazon.com/images/I/71WC3z4Wt0L._AC_UY654_FMwebp_QL65_.jpg,21,$3.49,True,False,True,False, | ,"FREE delivery Mon, Sep 9 on $35 of items shipped by Amazon",False
184,B0D7F3F5SJ,Barbara O’Neill Natural Herbal Remedies Complete Collection: The Ultimate Guide to Knowing ALL of Dr. Barbara O’Neill’s Studies and the Non-Toxic Lifestyle.,$26.96,$29.95,USD,4.4,265,https://www.amazon.com/dp/B0D7F3F5SJ,https://m.media-amazon.com/images/I/7137uL4HV4L._AC_UY654_FMwebp_QL65_.jpg,1,$26.96,True,False,True,False, | ,"FREE delivery Wed, Sep 11 on $35 of items shipped by Amazon",False
185,1368025625,"The Magical Yet (The Magical Yet, 1)",$9.98,$18.99,USD,4.9,2360,https://www.amazon.com/dp/1368025625,https://m.media-amazon.com/images/I/91D3fg8XQSL._AC_UY654_FMwebp_QL65_.jpg,28,$5.84,False,False,True,False, | ,"FREE delivery Mon, Sep 9 on $35 of items shipped by Amazon",False
186,B002LA0A8O,True Colors: A Novel,$1.99,$19.00,USD,4.5,26597,https://www.amazon.com/dp/B002LA0A8O,https://m.media-amazon.com/images/I/81IVOfzaIrL._AC_UY654_FMwebp_QL65_.jpg,31,$2.11,True,False,True,False, | ,Available instantly,False
187,0316477540,Chaos,$16.15,$22.99,USD,4.6,10419,https://www.amazon.com/dp/0316477540,https://m.media-amazon.com/images/I/71SWiqlzf2L._AC_UY654_FMwebp_QL65_.jpg,28,$9.61,False,False,True,False, | ,"FREE delivery Mon, Sep 9 on $35 of items shipped by Amazon",False
188,B0CKNM2RS7,Eruption,$0.00,$21.83,USD,4.2,20530,https://www.amazon.com/dp/B0CKNM2RS7,https://m.media-amazon.com/images/I/91jZ4396SPL._AC_UY654_FMwebp_QL65_.jpg,52,$9.00,True,False,True,False,Print List Price: ,Available instantly,False
189,164152815X,The Bible in 52 Weeks: A Yearlong Bible Study for Women,$8.99,$14.99,USD,4.7,26770,https://www.amazon.com/dp/164152815X,https://m.media-amazon.com/images/I/81aa-bK1K9L._AC_UY654_FMwebp_QL65_.jpg,37,$3.04,True,False,True,False, | ,"FREE delivery Mon, Sep 9 on $35 of items shipped by Amazon",False
190,022644807X,"Economical Writing, Third Edition: Thirty-Five Rules for Clear and Persuasive Prose (Chicago Guides to Writing, Editing, and Publishing)",$15.09,$16.00,USD,4.5,201,https://www.amazon.com/dp/022644807X,https://m.media-amazon.com/images/I/61IaSZ0-UnL._AC_UY654_FMwebp_QL65_.jpg,11,$10.00,False,False,False,False, | ,FREE delivery on $35 shipped by Amazon.,False
191,B0CMQ8XDNY,Hard to Kill: Meet James Patterson&#x27;s Greatest Character Yet (A Jane Smith Thriller Book 2),$14.99,$30.00,USD,4.2,3472,https://www.amazon.com/dp/B0CMQ8XDNY,https://m.media-amazon.com/images/I/81PKSDqnv+L._AC_UY654_FMwebp_QL65_.jpg,21,$7.99,False,False,True,False, | ,Available instantly,False
192,0803736800,Dragons Love Tacos,$9.92,$18.99,USD,4.8,19651,https://www.amazon.com/dp/0803736800,https://m.media-amazon.com/images/I/81b4GpF859L._AC_UY654_FMwebp_QL65_.jpg,54,$1.99,True,False,True,False, | ,"FREE delivery Mon, Sep 9 on $35 of items shipped by Amazon",False
193,0316566748,The Wild Robot Boxed Set,$29.14,$54.00,USD,4.8,247,https://www.amazon.com/dp/0316566748,https://m.media-amazon.com/images/I/81Po7q8uSsL._AC_UY654_FMwebp_QL65_.jpg,23,$23.89,False,False,True,False, | ,"FREE delivery Mon, Sep 9 on $35 of items shipped by Amazon",False
194,B07225XB9D,The Great Alone,$0.00,$24.74,USD,4.6,157054,https://www.amazon.com/dp/B07225XB9D,https://m.media-amazon.com/images/I/81uhKvzDhoL._AC_UY654_FMwebp_QL65_.jpg,41,$4.95,False,False,True,False,List: ,Available instantly,False
195,B0BTSC3TN6,The Berry Pickers: A Novel,$14.99,$27.00,USD,4.5,19562,https://www.amazon.com/dp/B0BTSC3TN6,https://m.media-amazon.com/images/I/81d2CS1f4uL._AC_UY654_FMwebp_QL65_.jpg,50,$11.00,True,False,True,False, | ,Available instantly,False
196,1476753180,Ugly Love: A Novel,$10.31,$16.99,USD,4.6,152054,https://www.amazon.com/dp/1476753180,https://m.media-amazon.com/images/I/71E8VNPC1dL._AC_UY654_FMwebp_QL65_.jpg,70,$2.16,False,False,True,False, | ,"FREE delivery Mon, Sep 9 on $35 of items shipped by Amazon",False
197,031075013X,The Beginner&#x27;s Bible: Timeless Children&#x27;s Stories,$11.99,$22.99,USD,4.9,25597,https://www.amazon.com/dp/031075013X,https://m.media-amazon.com/images/I/81Pic6bOvuL._AC_UY654_FMwebp_QL65_.jpg,37,$2.83,True,False,True,False, | ,"FREE delivery Mon, Sep 9 on $35 of items shipped by Amazon",False
198,B0BC9YDM8R,"Haunting Adeline: Cat and Mouse Duet, Book 1",$0.00,$24.95,USD,4.4,113261,https://www.amazon.com/dp/B0BC9YDM8R,https://m.media-amazon.com/images/I/91F4ku0sviL._AC_UY654_FMwebp_QL65_.jpg,5,$11.19,True,False,True,False, | ,Available instantly,False
199,0545231493,First Little Readers Parent Pack: Guided Reading Level A: 25 Irresistible Books That Are Just the Right Level for Beginning Readers,$13.95,$23.99,USD,4.7,31019,https://www.amazon.com/dp/0545231493,https://m.media-amazon.com/images/I/71eUoeoSoBL._AC_UY654_FMwebp_QL65_.jpg,33,$7.29,True,False,True,False, | ,"FREE delivery Mon, Sep 9 on $35 of items shipped by Amazon",False
200,B01KIQV5EU,Empire of Storms,$0.00,$39.95,USD,4.8,81677,https://www.amazon.com/dp/B01KIQV5EU,https://m.media-amazon.com/images/I/81OF0qoTKQL._AC_UY654_FMwebp_QL65_.jpg,32,$13.95,True,False,True,False, | ,Available instantly,False
201,1516720008,"ATI TEAS Secrets Study Guide: TEAS 7 Prep Book, Six Full-Length Practice Tests (1,000+ Questions), Step-by-Step Video Tutorials: [Updated for the 7th Edition]",$26.49,$44.99,USD,4.6,3840,https://www.amazon.com/dp/1516720008,https://m.media-amazon.com/images/I/71xaJ3oKu4L._AC_UY654_FMwebp_QL65_.jpg,26,$13.74,True,False,True,False, | ,"FREE delivery Tue, Sep 10 on $35 of items shipped by Amazon",False
202,0890425760,"Diagnostic and Statistical Manual of Mental Disorders, Text Revision Dsm-5-tr",$152.11,$170.00,USD,4.7,2901,https://www.amazon.com/dp/0890425760,https://m.media-amazon.com/images/I/51evcxVk7XL._AC_UY654_FMwebp_QL65_.jpg,18,$143.49,True,False,True,False, | ,"FREE delivery Mon, Sep 9",False
203,0593651529,"A Good Girl&#x27;s Guide to Murder Complete Series Paperback Boxed Set: A Good Girl&#x27;s Guide to Murder; Good Girl, Bad Blood; As Good as Dead (The Good Girl&#x27;s Guide to Murder)",$19.20,$34.97,USD,4.8,2935,https://www.amazon.com/dp/0593651529,https://m.media-amazon.com/images/I/81GfAT5+21L._AC_UY654_FMwebp_QL65_.jpg,32,$17.49,True,False,True,False, | ,"FREE delivery Mon, Sep 9 on $35 of items shipped by Amazon",False
204,B0CKB8PQ43,Camino Ghosts: A Novel,$14.99,$29.95,USD,4.5,24430,https://www.amazon.com/dp/B0CKB8PQ43,https://m.media-amazon.com/images/I/81ph8ZmUIsL._AC_UY654_FMwebp_QL65_.jpg,64,$9.39,True,False,True,False, | ,Available instantly,False
205,158089061X,First Day Jitters (The Jitters Series),$6.32,$7.99,USD,4.9,7701,https://www.amazon.com/dp/158089061X,https://m.media-amazon.com/images/I/81zaplRGWBL._AC_UY654_FMwebp_QL65_.jpg,24,$1.80,False,False,True,False, | ,"FREE delivery Mon, Sep 9 on $35 of items shipped by Amazon",False
206,B08PD33VZ3,Throne of Glass eBook Bundle: An 8 Book Bundle,$38.99,$68.00,USD,4.7,44821,https://www.amazon.com/dp/B08PD33VZ3,https://m.media-amazon.com/images/I/81Pv1yGjcXL._AC_UY654_FMwebp_QL65_.jpg,21,$88.00,False,False,True,False, | ,Available instantly,False
207,143213311X,"KJV Holy Bible, Giant Print Full-size Faux Leather Red Letter Edition - Thumb Index &amp; Ribbon Marker, King James Version, Pink (KJV Giant Print Full Size Bible)",$19.94,$39.99,USD,4.9,10587,https://www.amazon.com/dp/143213311X,https://m.media-amazon.com/images/I/71SOCfubRPL._AC_UY654_FMwebp_QL65_.jpg,26,$18.34,True,False,True,True, | ,"FREE delivery Mon, Sep 9 on $35 of items shipped by Amazon",False
208,0394800761,Happy Birthday to You!,$9.49,$16.99,USD,4.9,15912,https://www.amazon.com/dp/0394800761,https://m.media-amazon.com/images/I/61-66t0NIpL._AC_UY654_FMwebp_QL65_.jpg,47,$1.32,True,False,True,False, | ,"FREE delivery Mon, Sep 9 on $35 of items shipped by Amazon",False
209,1952357438,The Good and Beautiful Bible Study: Experiencing Stories From the Bible and What It Means for Our Lives Today,$30.00,$45.00,USD,4.8,1010,https://www.amazon.com/dp/1952357438,https://m.media-amazon.com/images/I/81Jp2R1u1ZL._AC_UY654_FMwebp_QL65_.jpg,5,$28.48,True,False,True,True, | ,FREE delivery on $35 shipped by Amazon.,False
210,1637154380,Scott Pilgrim 20th Anniversary Color Hardcover Box Set,$149.99,$249.99,USD,4.2,11,https://www.amazon.com/dp/1637154380,https://m.media-amazon.com/images/I/61YyAHgFzXL._AC_UY654_FMwebp_QL65_.jpg,1,$149.99,True,False,True,False, | ,"FREE delivery Tue, Sep 10",False
211,1498603041,iClicker 2 Student Remote,$47.99,$54.99,USD,4.6,3844,https://www.amazon.com/dp/1498603041,https://m.media-amazon.com/images/I/61atpxsndQL._AC_UY654_FMwebp_QL65_.jpg,7,$30.04,True,False,False,False, | ,FREE delivery,False
212,1732557101,The Lost Book of Herbal Remedies,$41.00,,USD,4.7,20984,https://www.amazon.com/dp/1732557101,https://m.media-amazon.com/images/I/71++zre30EL._AC_UY654_FMwebp_QL65_.jpg,2,$40.00,False,False,False,False, | ,$4.99 delivery Sep 12 - 18 Or fastest delivery Sep 9 - 12,False
213,B08V5H41F1,"Crown of Midnight: Throne of Glass, Book 2",$0.00,$23.99,USD,4.7,95652,https://www.amazon.com/dp/B08V5H41F1,https://m.media-amazon.com/images/I/81GLpveESWL._AC_UY654_FMwebp_QL65_.jpg,36,$9.54,False,False,True,False, | ,Available instantly,False
214,1484746694,Gravity Falls: Journal 3,$13.01,$19.99,USD,4.8,22116,https://www.amazon.com/dp/1484746694,https://m.media-amazon.com/images/I/91jyfx6ABsL._AC_UY654_FMwebp_QL65_.jpg,11,$9.99,False,False,False,False, | ,FREE delivery on $35 shipped by Amazon.,False
215,0321832019,"Anatomy Coloring Book, The",$26.99,$34.99,USD,4.6,12943,https://www.amazon.com/dp/0321832019,https://m.media-amazon.com/images/I/811SShe+gZL._AC_UY654_FMwebp_QL65_.jpg,26,$3.16,True,False,True,False, | ,"FREE delivery Mon, Sep 9 on $35 of items shipped by Amazon",False
216,0785215492,"KJV Holy Bible: Personal Size Giant Print with 43,000 Cross References, Black Bonded Leather, Red Letter, Comfort Print: King James Version",$14.57,$49.99,USD,4.8,4327,https://www.amazon.com/dp/0785215492,https://m.media-amazon.com/images/I/71MPnW8h6vL._AC_UY654_FMwebp_QL65_.jpg,1,$14.57,False,False,True,False, | ,"FREE delivery Mon, Sep 9 on $35 of items shipped by Amazon",False
217,0545162076,Harry Potter Paperback Box Set (Books 1-7),$45.44,$100.00,USD,4.9,63392,https://www.amazon.com/dp/0545162076,https://m.media-amazon.com/images/I/81GJMtnxqDL._AC_UY654_FMwebp_QL65_.jpg,36,$31.75,False,False,True,False, | ,"FREE delivery Mon, Sep 9",False
218,B09CH915FH,"Heir of Fire: Throne of Glass, Book 3",$0.00,$25.00,USD,4.7,88065,https://www.amazon.com/dp/B09CH915FH,https://m.media-amazon.com/images/I/91SMNQ7OuBL._AC_UY654_FMwebp_QL65_.jpg,30,$8.90,False,False,True,False, | ,Available instantly,False
219,B012BQ4GQE,Queen of Shadows,$0.00,$34.94,USD,4.8,92278,https://www.amazon.com/dp/B012BQ4GQE,https://m.media-amazon.com/images/I/81POIkf0bAL._AC_UY654_FMwebp_QL65_.jpg,1,$0.00,True,False,True,False, | ,Available instantly,False
220,B07J66Q8BM,Kingdom of Ash,$0.00,$39.95,USD,4.8,85531,https://www.amazon.com/dp/B07J66Q8BM,https://m.media-amazon.com/images/I/81F3RCewJ7L._AC_UY654_FMwebp_QL65_.jpg,29,$9.97,False,False,True,False, | ,Available instantly,False
221,1732596379,My Magical Choices - Teach Kids to Choose a Great Day with their Choices!,$14.39,$15.99,USD,4.8,3729,https://www.amazon.com/dp/1732596379,https://m.media-amazon.com/images/I/713KfGkrIlL._AC_UY654_FMwebp_QL65_.jpg,2,$10.07,True,False,True,False, | ,"FREE delivery Tue, Sep 10 on $35 of items shipped by Amazon",False
222,078521237X,"NIV, The Woman&#x27;s Study Bible, Hardcover, Full-Color: Receiving God&#x27;s Truth for Balance, Hope, and Transformation",$24.29,$49.99,USD,4.9,15914,https://www.amazon.com/dp/078521237X,https://m.media-amazon.com/images/I/71nZPI7cNQL._AC_UY654_FMwebp_QL65_.jpg,38,$16.65,True,False,True,False, | ,"FREE delivery Mon, Sep 9 on $35 of items shipped by Amazon",False
223,B08FZ7XF86,Boundary Lines,$1.99,$20.00,USD,4.3,4633,https://www.amazon.com/dp/B08FZ7XF86,https://m.media-amazon.com/images/I/91L6QAftgYL._AC_UY654_FMwebp_QL65_.jpg,1,$1.99,True,False,False,False, | ,Available instantly,False
224,1634022351,Teaching Reading Sourcebook (Core Literacy Library),$85.15,,USD,4.7,982,https://www.amazon.com/dp/1634022351,https://m.media-amazon.com/images/I/613LuHFj32L._AC_UY654_FMwebp_QL65_.jpg,12,$72.75,True,False,True,False, | ,"FREE delivery Mon, Sep 9",False
225,1951287398,A Little SPOT of Emotion 8 Plush Toys with Feelings Book Box Set,$35.99,$39.99,USD,4.8,3989,https://www.amazon.com/dp/1951287398,https://m.media-amazon.com/images/I/81ZkC0ytCfL._AC_UY654_FMwebp_QL65_.jpg,4,$30.50,True,False,True,False, | ,"FREE delivery Mon, Sep 9",False
