,id,asin,title,price,original_price,currency,star_rating,num_ratings,url,photo,num_offers,minimum_offer_price,is_best_seller,is_amazon_choice,is_prime,climate_pledge_friendly,sales_volume_in_past_month,delivery,has_variations,coupon_text,unit_price,unit_count,availability
0,0,B0D9H39JL7,USB C Charger iPhone Charger Fast Charging 2Pack 20W Type C Wall Charger Block with 6FT Long USB C to Lightning Cable Compatible with for iPhone 14Pro/13 Pro/12/12 Pro Max/11/XS Max/XS/XR/X/8,19.77,29.77,USD,5.0,4,https://www.amazon.com/dp/B0D9H39JL7,https://m.media-amazon.com/images/I/610G+kDmBEL._AC_UL960_FMwebp_QL65_.jpg,1,19.77,False,False,False,False,50.0,FREE delivery on $35 shipped by Amazon.,False,,,,
1,1,B0D7VRMJ9Y,Ear buds Wireless Earbuds 80Hrs Playtime Bluetooth 5.3 Headphones Build-in Mic IPX7 Waterproof Sport Wireless Earphones with Earhook Premium Sound Dual LED Display Headset for Workout Phone TV Black,19.99,36.99,USD,5.0,193,https://www.amazon.com/dp/B0D7VRMJ9Y,https://m.media-amazon.com/images/I/61D5NNCirfL._AC_UL960_FMwebp_QL65_.jpg,2,19.79,False,False,True,False,200.0,"FREE delivery Wed, Jul 31 on $35 of items shipped by AmazonOr fastest delivery Mon, Jul 29",False,Save 20% with coupon,,,
2,2,B0D6NKMVMP,"Larsa Pippen - The Larsa Light - LED Selfie Light with Clip &amp; Glass Mirror - Rechargeable Selfie Light for Phone or Camera - 142 LEDs-Adjustable Brightness - Ideal for Makeup, TikTok, Content Creators",19.99,34.99,USD,4.8,17,https://www.amazon.com/dp/B0D6NKMVMP,https://m.media-amazon.com/images/I/51uqAunv3VL._AC_UL960_FMwebp_QL65_.jpg,1,19.99,False,False,True,False,100.0,"FREE delivery Wed, Jul 31 on $35 of items shipped by AmazonOr fastest delivery Mon, Jul 29",False,,,,
4,4,B0D9JXR3BH,"HDMI Splitter -HDMI Splitter 1 in 2 Out Adapter Cable-HDMI Male 1080P to Dual HDMI Female 1 to 2 Way, for HDMI HD, LCD, TV，Support Two TVs at The Same Time Transmit Video and Audio Simultaneously",13.89,,USD,4.8,45877,https://www.amazon.com/dp/B0D9JXR3BH,https://m.media-amazon.com/images/I/612gNsa7J5L._AC_UL960_FMwebp_QL65_.jpg,1,13.89,False,False,True,False,200.0,"FREE delivery Wed, Jul 31 on $35 of items shipped by AmazonOr fastest delivery Mon, Jul 29",False,Save $3.00 with coupon,,,
5,5,B0D923QDHR,"TV Antenna, Antenna TV Digital HD Indoor, TV Antenna Indoor, Support 4K 1080p Free Local Channels-Support TV Antenna for Smart TV Indoor and All Older TV&#x27;s -Signal Booster 16FT Coax HDTV Cable",26.98,,USD,4.8,218824,https://www.amazon.com/dp/B0D923QDHR,https://m.media-amazon.com/images/I/61EFD+R3naL._AC_UL960_FMwebp_QL65_.jpg,1,26.98,False,False,False,False,500.0,FREE delivery on $35 shipped by Amazon.,False,Save $5.00 with coupon,,,
6,6,B0D4WGL353,"SAMSUNG Galaxy Buds 3 AI True Wireless Bluetooth Earbuds, Sound Optimization, Real-Time Interpreter, Noise Cancelling, Redesigned Fit, Touch Control, Silver [US Version, Amazon Exclusive 2Yr Warranty]",179.99,,USD,4.6,0,https://www.amazon.com/dp/B0D4WGL353,https://m.media-amazon.com/images/I/61cFrvuIbdL._AC_UL960_FMwebp_QL65_.jpg,1,179.99,False,False,True,False,2.0,"FREE delivery Wed, Jul 31 Or fastest delivery Mon, Jul 29",True,,,,
7,7,B0D5QNFDHZ,"Ferilinso 3 Pack Screen Protector for Samsung Galaxy Z Flip 6 [Phone Case Friendly], Inside Anti-Spy Film with 3 Pack Back Tempered Glass + 3 Pack Camera Lens Protector Accessories",9.99,,USD,4.4,2367,https://www.amazon.com/dp/B0D5QNFDHZ,https://m.media-amazon.com/images/I/71esduhy+4L._AC_UL960_FMwebp_QL65_.jpg,1,9.99,False,False,True,False,1.0,"FREE delivery Wed, Jul 31 on $35 of items shipped by AmazonOr fastest delivery Mon, Jul 29",False,,,,
8,8,B0D9JMXV2B,5.1 Wireless CarPlay Adapter for All Factory Wired CarPlay Cars Wireless CarPlay Dongle Convert Wired to Wireless CarPlay,74.98,,USD,4.6,0,https://www.amazon.com/dp/B0D9JMXV2B,https://m.media-amazon.com/images/I/71tDOP-Pp0L._AC_UL960_FMwebp_QL65_.jpg,1,74.98,True,False,True,False,500.0,"FREE delivery Wed, Jul 31 Or fastest delivery Mon, Jul 29",False,Save $20.00 with coupon,,,
9,9,B0D583XV3S,"Car Carplay Cable for Iphone 15 Pro Max Car charger iphone 15 Car Charger, Iphone 15 Carplay Cable USB a to USB c Adapter iphone 15 Pro Plus Car Charger, iPad USB C Cable 10th Pro Air 5th 4th Mini 6th",8.99,9.99,USD,5.0,5,https://www.amazon.com/dp/B0D583XV3S,https://m.media-amazon.com/images/I/517tDXHPGnL._AC_UL960_FMwebp_QL65_.jpg,1,8.99,False,False,True,False,2.0,"FREE delivery Wed, Jul 31 on $35 of items shipped by AmazonOr fastest delivery Mon, Jul 29",False,Save 5% with coupon,,,
10,10,B0D7MNMYR2,"iPhone Charger Cable,3Pack (MFi Certified) Data Sync Charging Cords with 3Pack USB Wall Charger Travel Plug Adapter Compatible with iPhone 14Pro/13 Pro/12/12 Pro Max/11 Pro Max/XS Max/XS/XR/X/8",19.77,,USD,4.8,124,https://www.amazon.com/dp/B0D7MNMYR2,https://m.media-amazon.com/images/I/61383+Tj9KL._AC_UL960_FMwebp_QL65_.jpg,9,14.12,False,False,True,False,10.0,"FREE delivery Wed, Jul 31 on $35 of items shipped by AmazonOr fastest delivery Mon, Jul 29",False,Save 30% with coupon,,,
11,11,B0D96RHR3Q,"[2+2 Pack] for Samsung Galaxy S22 Ultra 5G Screen Protector Tempered Glass Camera Lens Protector,Touch Sensitive,Fingerprint Support,9H Hardenss",9.98,12.98,USD,4.7,91483,https://www.amazon.com/dp/B0D96RHR3Q,https://m.media-amazon.com/images/I/61YsOg+08tL._AC_UL960_FMwebp_QL65_.jpg,1,9.98,False,False,True,False,500.0,"FREE delivery Wed, Jul 31 on $35 of items shipped by AmazonOr fastest delivery Mon, Jul 29",False,,,,
12,12,B0D6XGQLW7,"Hidden Camera Detectors, Camera Detector, Bug and Hidden Camera Detector, RF Wireless Signal Scanner for Home Office Travel, 34H Working Time，6 Levels Sensitivity 4 Modes",19.99,,USD,5.0,1,https://www.amazon.com/dp/B0D6XGQLW7,https://m.media-amazon.com/images/I/61aBehLx9OL._AC_UL960_FMwebp_QL65_.jpg,1,19.99,False,False,True,False,100.0,"FREE delivery Wed, Jul 31 on $35 of items shipped by AmazonOr fastest delivery Mon, Jul 29",False,,,,
13,13,B0D8ZMW78F,"GPS Tracker for Vehicles, No Subscription, GPS Strong Magnetic Vehicle Anti-Lost Tracker, Smallest GPS Tracker Locator Real Time, Anti-Theft Micro GPS Tracking Device with Free App, 2024 Upgraded",49.99,,USD,4.0,2,https://www.amazon.com/dp/B0D8ZMW78F,https://m.media-amazon.com/images/I/61KV8ugxonL._AC_UL960_FMwebp_QL65_.jpg,1,49.99,False,False,True,True,100.0,"FREE delivery Thu, Aug 1 Or fastest delivery Mon, Jul 29",False,Save 50% with coupon,,,
14,14,B0D86YVG7V,"ZDO Mini Spy Camera Hidden Camera, Security Wireless WiFi Camera - Small 4K Spy Camera Hidden Camera, 1080P HD WiFi Security Camera, AI Motion Detection Alerts, Night Vision Nanny Cam for Baby, Pets",19.99,,USD,5.0,5,https://www.amazon.com/dp/B0D86YVG7V,https://m.media-amazon.com/images/I/61pRRxmV9WL._AC_UL960_FMwebp_QL65_.jpg,1,19.99,False,False,True,False,100.0,"FREE delivery Wed, Jul 31 on $35 of items shipped by AmazonOr fastest delivery Mon, Jul 29",False,Save 30% with coupon,,,
15,15,B0D7LDQ7FR,"E-Z Ink (TM TN760 Compatible Toner Cartridges Replacement for Brother TN-760 TN730 TN-730 to Use with MFC-L2710DW MFC-L2750DW HL-L2350DW HL-L2370DW HL-L2395DW HL-L2390DW DCP-L2550DW (Black, 2 Pack)",28.99,37.99,USD,4.6,10440,https://www.amazon.com/dp/B0D7LDQ7FR,https://m.media-amazon.com/images/I/81bMhLJkwhL._AC_UL960_FMwebp_QL65_.jpg,1,28.99,False,False,False,True,3.0,FREE delivery on $35 shipped by Amazon.,False,Save 30% with coupon,,,
16,16,B0D91TG15T,iPhone Charger Apple MFi Certified 3pack 10FT Long Lightning Cable Fast Charging Cord Compatible with iPhone 14/13/12/11 Pro Max Mini XR/XS/X/8/7/6 Plus SE iPod and More,7.49,9.99,USD,4.8,13,https://www.amazon.com/dp/B0D91TG15T,https://m.media-amazon.com/images/I/71tbRuisKFL._AC_UL960_FMwebp_QL65_.jpg,1,7.49,False,False,True,False,3.0,"FREE delivery Wed, Jul 31 on $35 of items shipped by AmazonOr fastest delivery Mon, Jul 29",False,Save 30% with coupon,$2.50,3.0,
17,17,B0D7ZVWR45,"[2+2 Pack] Galaxy S24 Ultra Screen Protector, 9H Tempered Glass Scratch Resistant, Ultrasonic Fingerprint Support, For Samsung Galaxy S24 Ultra 5G 6.8 Inch Glass Screen Protector",6.99,12.99,USD,4.6,42392,https://www.amazon.com/dp/B0D7ZVWR45,https://m.media-amazon.com/images/I/61yF7KnJJuL._AC_UL960_FMwebp_QL65_.jpg,1,6.99,False,False,False,False,3.0,FREE delivery on $35 shipped by Amazon.,False,,,,
18,18,B0D6L4FTC1,Solosatoshi.com BitAxe 401 SUPRA BM1368 733GH/s,158.99,175.0,USD,5.0,7,https://www.amazon.com/dp/B0D6L4FTC1,https://m.media-amazon.com/images/I/51+dD3BmtcL._AC_UL960_FMwebp_QL65_.jpg,1,158.99,False,False,False,False,50.0,FREE delivery Aug 12 - 13,False,,,,
19,19,B0D5YRWLBY,"Smart Video doorbell Camera Wireless Wi-Fi Cam with Night Vision,Motion Detection, Cloud Storage, Two Way Audio, Chime Ringer Included…",14.99,,USD,5.0,7,https://www.amazon.com/dp/B0D5YRWLBY,https://m.media-amazon.com/images/I/61N844mgfQL._AC_UL960_FMwebp_QL65_.jpg,1,14.99,False,False,True,False,300.0,"FREE delivery Wed, Jul 31 on $35 of items shipped by AmazonOr fastest delivery Mon, Jul 29",False,,,,
21,21,B0D8HMMSS6,"Lightning to 3.5mm Headphone Jack Adapter for iPhone, 2 in 1 AUX Audio + Charger Splitter Dongle Compatible with iPhone 14/13/12/11/XS/XR/X/7 8/Pad, Support All iOS System",8.99,,USD,4.6,125288,https://www.amazon.com/dp/B0D8HMMSS6,https://m.media-amazon.com/images/I/41IJ2uaI4gL._AC_UL960_FMwebp_QL65_.jpg,1,8.99,False,False,True,False,100.0,"FREE delivery Wed, Jul 31 on $35 of items shipped by AmazonOr fastest delivery Mon, Jul 29",False,,,,
22,22,B0D62VMQ4G,"Suction Cup Phone Case Mount Double-Sided,Silicon Sticky Phone Stand for iPhone and Android, Hands-Free Strong Grip Holder for Selfies and Videos - White",5.99,,USD,4.7,5,https://www.amazon.com/dp/B0D62VMQ4G,https://m.media-amazon.com/images/I/610BxR7yQiL._AC_UL960_FMwebp_QL65_.jpg,1,5.99,False,False,True,False,200.0,"FREE delivery Wed, Jul 31 on $35 of items shipped by AmazonOr fastest delivery Mon, Jul 29",False,,,,
23,23,B0D7W3R7T9,"Car Carplay Cable for iPhone 15/15 Plus/15 Pro Max Cable, 2Pack USB A to USB C for Carplay USB C Cord, iPad USB C Cable iPad Pro 13/12.9/11 inch iPad Air 5/4th Mini Car Charger Cord Charging Cable 3FT",8.99,,USD,5.0,2,https://www.amazon.com/dp/B0D7W3R7T9,https://m.media-amazon.com/images/I/61xR9NXgtmL._AC_UL960_FMwebp_QL65_.jpg,1,8.99,False,False,True,False,200.0,"FREE delivery Wed, Jul 31 on $35 of items shipped by AmazonOr fastest delivery Mon, Jul 29",False,Save 20% with coupon,,,
24,24,B0D8KP5X67,"2024 New 2 in 1 Shutterlily Phone Holder for Car, Shutterlily Cup Phone Holder, Adjustable Phone Mount Cup Holder Organizer for Car, Cup-Shaped Phone Holder for Your Car (B)",9.99,,USD,1.0,1,https://www.amazon.com/dp/B0D8KP5X67,https://m.media-amazon.com/images/I/61WjnupOzML._AC_UL960_FMwebp_QL65_.jpg,1,9.99,False,False,False,False,100.0,FREE delivery Aug 6 - 12,False,,,,
25,25,B0D676BXDV,GOLREX Ear buds Wireless Earbuds Bluetooth Headphones 80H Playback Wireless Charging Case Dual LED Display Over-ear Sports Earphones with Earhooks Button Control Hi-Fi Audio for Workout Running Purple,26.99,49.99,USD,4.8,294,https://www.amazon.com/dp/B0D676BXDV,https://m.media-amazon.com/images/I/61CaK2qWwoL._AC_UL960_FMwebp_QL65_.jpg,1,26.99,False,False,True,False,1.0,"FREE delivery Wed, Jul 31 on $35 of items shipped by AmazonOr fastest delivery Mon, Jul 29",True,Save $10.00 with coupon,,,
26,26,B0D6J5B98H,"ROVE R2-4K DUAL Dash Cam Front and Rear, STARVIS 2 Sensor, FREE 128GB Card Included, 5G WiFi - up to 20MB/s Fastest Download Speed with App, 4K 2160P/FHD Dash Camera for Cars, 3&quot; IPS, 24H Parking Mode",149.99,199.99,USD,5.0,3,https://www.amazon.com/dp/B0D6J5B98H,https://m.media-amazon.com/images/I/81gIn+MXtyL._AC_UL960_FMwebp_QL65_.jpg,1,149.99,False,False,True,True,1.0,"FREE delivery Wed, Jul 31 Or fastest delivery Mon, Jul 29",False,Save $40.00 with coupon,,,
27,27,B0D812Z2T1,"NUBWO G08 Dual Wireless Gaming Headset with Mic for PS5, PS4, PC, Mobile &amp; Tablet | 2.4GHz Wireless &amp; Bluetooth 5.3 | 100 Hr Battery | 50mm Drivers | Lightweight &amp; RGB Lighting - Blue",29.99,,USD,4.7,41,https://www.amazon.com/dp/B0D812Z2T1,https://m.media-amazon.com/images/I/61ewRM2av0L._AC_UL960_FMwebp_QL65_.jpg,2,29.1,False,False,True,False,400.0,"FREE delivery Wed, Jul 31 on $35 of items shipped by AmazonOr fastest delivery Mon, Jul 29",False,Save 50% with coupon,,,
28,28,B0D7QFKJK8,"9H+ Glass for iPhone 15 Pro Max Privacy Screen Protector [Reliable 25° Privacy Protection][Mil-Grade Shatterproof Tempered Glass] Full Coverage Screen Protector for 15 Pro Max, 2 Packs",11.99,,USD,5.0,7,https://www.amazon.com/dp/B0D7QFKJK8,https://m.media-amazon.com/images/I/71FNQ3uv2uL._AC_UL960_FMwebp_QL65_.jpg,1,11.99,False,False,True,False,400.0,"FREE delivery Wed, Jul 31 on $35 of items shipped by AmazonOr fastest delivery Mon, Jul 29",False,Save 5% with coupon,,,
29,29,B0D9B48CBX,"Magnetic Wireless Charger for iPhone: Portable Power Bank 5000mAh - Detachable Mag-Safe Battery Pack Compatible with iPhone 15 14 13 12 Pro Max Pro Plus Mini, with Fast Charging Stand &amp; USB-C Cable",25.99,,USD,4.8,35690,https://www.amazon.com/dp/B0D9B48CBX,https://m.media-amazon.com/images/I/71gDjjVPBJL._AC_UL960_FMwebp_QL65_.jpg,1,25.99,False,False,True,False,500.0,"FREE delivery Wed, Jul 31 on $35 of items shipped by AmazonOr fastest delivery Tue, Jul 30",False,Save 30% with coupon,,,
30,30,B0D87CHFQ3,"Hiluckey Power Bank 27000mAh Solar Charger, 15W USB C Fast Charging Portable Phone Charger for iPhone, Three Outputs, External Battery Pack with Bright LED Flashlight for Outdoor Camping",36.99,,USD,4.8,9,https://www.amazon.com/dp/B0D87CHFQ3,https://m.media-amazon.com/images/I/71TTvvgEZdL._AC_UL960_FMwebp_QL65_.jpg,1,36.99,False,False,True,False,100.0,"FREE delivery Wed, Jul 31 Or fastest delivery Mon, Jul 29",False,Save 50% with coupon,,,
31,31,B0D49C85V3,"Nulaxy Wearable Waterproof Bluetooth Speaker, Clip-On Portable Speakers, Up to 10 Hours Battery Life, Clip Speaker with Microphone, Lightweight &amp; Comfortable Design for Active Lifestyles",14.99,19.99,USD,4.5,7,https://www.amazon.com/dp/B0D49C85V3,https://m.media-amazon.com/images/I/811ca-Gs3lL._AC_UL960_FMwebp_QL65_.jpg,1,14.99,False,False,True,False,200.0,"FREE delivery Wed, Jul 31 on $35 of items shipped by AmazonOr fastest delivery Mon, Jul 29",False,,,,
32,32,B0D6WGQQKP,"WiFi Extender, WiFi Extenders Signal Booster for Home Up to 5000 sq.ft and 40 Devices, WiFi Range Extender, Wireless Repeater, Long Range Amplifier with Ethernet Port, 1-Tap Setup, Alexa Compatible",19.99,,USD,5.0,4,https://www.amazon.com/dp/B0D6WGQQKP,https://m.media-amazon.com/images/I/51vOA1VFB8L._AC_UL960_FMwebp_QL65_.jpg,1,19.99,False,False,True,True,200.0,"FREE delivery Wed, Jul 31 on $35 of items shipped by AmazonOr fastest delivery Mon, Jul 29",False,Save 50% with coupon,,,
33,33,B0D72WK9H7,"Car Carplay Cable for iPhone 15,IPhone 15 Plus,IPhone 15 Pro ,15 Pro Max ,USB A to USB C for Carplay USB C Cord,iPad usb C Cable 10th Gen iPad Air 5th 4th Mini Car Charger Cable Cord 3FT Replacement",8.99,,USD,5.0,4,https://www.amazon.com/dp/B0D72WK9H7,https://m.media-amazon.com/images/I/61vIbmjz8UL._AC_UL960_FMwebp_QL65_.jpg,1,8.99,False,False,True,False,300.0,"FREE delivery Wed, Jul 31 on $35 of items shipped by AmazonOr fastest delivery Mon, Jul 29",False,Save 20% with coupon,,,
34,34,B0D6YVTNFG,"Car Apple Carplay Cable, 3FT Car Charger Cord, USB A to Lightning Cable Compatible for iPhone 14 13 12 11 Pro Max XR XS X 8 7 6 Plus SE iPad Charger Car Charging Cable",8.99,9.99,USD,4.6,19,https://www.amazon.com/dp/B0D6YVTNFG,https://m.media-amazon.com/images/I/61xx0QnQzjL._AC_UL960_FMwebp_QL65_.jpg,1,8.99,False,False,True,False,300.0,"FREE delivery Wed, Jul 31 on $35 of items shipped by AmazonOr fastest delivery Mon, Jul 29",False,Save 10% with coupon,,,
35,35,B0D5XD947V,"[Apple MFi Certified] SD Card Reader for iPhone 15, USB C SD Card Reader, 3-in-1 Memory Card Reader for SD Card/Micro SD Digital Camera Adapter Compatible with iPhone 15, SD Card Reader USB C",9.99,,USD,4.3,11,https://www.amazon.com/dp/B0D5XD947V,https://m.media-amazon.com/images/I/61bM7a++ehL._AC_UL960_FMwebp_QL65_.jpg,1,9.99,False,False,True,False,500.0,"FREE delivery Wed, Jul 31 on $35 of items shipped by AmazonOr fastest delivery Mon, Jul 29",False,,,,
36,36,B0D5YR7HKF,"WiFi Extender, 2024 Fastest WiFi Booster 1200Mbps Dual Band (5GHz/2.4GHz) WiFi Extenders Signal Booster for Home, WiFi Repeater with Ethernet Port Covers up to 10000sq. ft and 55 Devices",55.99,89.99,USD,5.0,7,https://www.amazon.com/dp/B0D5YR7HKF,https://m.media-amazon.com/images/I/51wiMqT0HsL._AC_UL960_FMwebp_QL65_.jpg,1,55.99,False,False,True,False,50.0,"FREE delivery Wed, Jul 31 Or fastest delivery Mon, Jul 29",False,Save 15% with coupon,,,
37,37,B0D62GGXJC,"Open Ear Bone Conduction Earphones Bluetooth 5.3 Wireless Open Ear Loop with Built-in Microphone for 60Hours of PlaybackTime Sports Earphones IPX7 Waterproof Suitable for Fitness, Running and Cycling",39.99,,USD,4.5,74,https://www.amazon.com/dp/B0D62GGXJC,https://m.media-amazon.com/images/I/61kzJfmh3AL._AC_UL960_FMwebp_QL65_.jpg,3,39.59,False,False,True,False,50.0,"FREE delivery Wed, Jul 31 Or fastest delivery Mon, Jul 29",True,Save 50% with coupon,,,
38,38,B0D6GBDJND,"20W USB C Fast Charger Compatible with iPhone 15/15 Plus/ 15 Pro/ 15 Pro Max/iPad Pro/Samsung, 2Pack PD Type C Charger Blocks with 6FT USB C to C Cable",7.99,19.99,USD,3.8,16,https://www.amazon.com/dp/B0D6GBDJND,https://m.media-amazon.com/images/I/61QEAaKuICL._AC_UL960_FMwebp_QL65_.jpg,1,7.99,False,False,True,False,8.0,"FREE delivery Wed, Jul 31 on $35 of items shipped by AmazonOr fastest delivery Mon, Jul 29",False,,,,
39,39,B0D7PBHSZY,"Wireless Earbuds Bluetooth 5.3 Headphones Sport,Bluetooth Headphones with Charging Case Included, IPX8 Waterproof,Immersive Premium Sound,Bluetooth Headphones for iPhone/Android,Wireless Ear Buds",9.99,,USD,4.9,212,https://www.amazon.com/dp/B0D7PBHSZY,https://m.media-amazon.com/images/I/519e1hn-R1L._AC_UL960_FMwebp_QL65_.jpg,1,9.99,False,False,True,False,2.0,"FREE delivery Wed, Jul 31 on $35 of items shipped by AmazonOr fastest delivery Mon, Jul 29",False,,,,
40,40,B0D72SDCQ1,Wireless Phone Charger for Android &amp; iPhone - 15W Fast Qi Wireless Charging Station for Google Pixel 3 4 XL 5 6 7 8 Pro Samsung Galaxy S25 S24 S23 S22 Z Flip Fold OnePlus 12 (Black),19.99,,USD,4.4,23,https://www.amazon.com/dp/B0D72SDCQ1,https://m.media-amazon.com/images/I/81m3J0DWk8L._AC_UL960_FMwebp_QL65_.jpg,1,19.99,False,False,True,False,400.0,"FREE delivery Wed, Jul 31 on $35 of items shipped by AmazonOr fastest delivery Mon, Jul 29",False,,,,
41,41,B0D4JM4QPG,"Magnetic 3 in 1 Wireless Charging Station for Magsafe iPhone 16/15/14/13/12/Pro/Plus/Pro Max, Charging Station for Multiple Devices, Mag-Safe Wireless Charger Stand for Apple Watch &amp; AirPods(White)",25.99,,USD,4.9,13,https://www.amazon.com/dp/B0D4JM4QPG,https://m.media-amazon.com/images/I/616O58ERKVL._AC_UL960_FMwebp_QL65_.jpg,1,25.99,False,False,True,False,200.0,"FREE delivery Wed, Jul 31 on $35 of items shipped by AmazonOr fastest delivery Mon, Jul 29",False,Save 30% with coupon,,,
42,42,B0D7L5VGNS,"Full HD 1080P Video Webcam and Wide Angle Camera with Built-in Microphone and Rotatable Tripod,for Laptop Computer or Desktop PC,Great for Live Streaming.Calls.Video Conferencing （Silver）",9.99,,USD,5.0,4,https://www.amazon.com/dp/B0D7L5VGNS,https://m.media-amazon.com/images/I/812jdbn8+qL._AC_UL960_FMwebp_QL65_.jpg,1,9.99,False,False,True,False,50.0,"FREE delivery Fri, Aug 2 on $35 of items shipped by AmazonOr fastest delivery Mon, Jul 29",False,,,,
43,43,B0D78RPTT7,"USB C Headphones for iPhone 15, 2-Pack USB C Type C Earbuds Wired with Mic &amp; Volume Control HiFi Stereo Earphones for Galaxy S23/S22/S21/S20/Ultra Note 10/20, for iPad Pro Pixel 7/6/6a/5/4 OnePlus 9 8",9.99,,USD,4.6,106512,https://www.amazon.com/dp/B0D78RPTT7,https://m.media-amazon.com/images/I/51eMt1d+wDL._AC_UL960_FMwebp_QL65_.jpg,4,8.32,False,False,True,False,1.0,"FREE delivery Wed, Jul 31 on $35 of items shipped by AmazonOr fastest delivery Mon, Jul 29",False,,,,
44,44,B0D929CSBT,"JYELUK Replacement for Nintendo Switch Controller,Compatible with Switch Controllers With RGB LED，Support Double Vibration/Wake-up/Screenshot",26.99,,USD,4.7,20,https://www.amazon.com/dp/B0D929CSBT,https://m.media-amazon.com/images/I/61SQnmEtRfL._AC_UL960_FMwebp_QL65_.jpg,1,26.99,False,False,False,False,100.0,FREE delivery on $35 shipped by Amazon.,False,,,,
45,45,B0D69465BY,"3 Prong AC Laptop Power Cord 5Ft Universal Power Cable | 125V | for Dell HP LG Lenovo Asus Acer Toshiba Sony Laptops/Notebooks, Monitors, Printers, Scanners NEMA 5-15P to C5 Power Cable",5.59,,USD,5.0,7,https://www.amazon.com/dp/B0D69465BY,https://m.media-amazon.com/images/I/71XdD-qLv5L._AC_UL960_FMwebp_QL65_.jpg,1,5.59,False,False,True,False,1.0,"FREE delivery Wed, Jul 31 on $35 of items shipped by AmazonOr fastest delivery Mon, Jul 29",False,,,,
46,46,B0D7LN7FP9,"LK 2 Pack for Samsung Galaxy Z Fold 6 Screen Protector+ 2 Pack Camera Lens Protector, HD Clear Tempered Glass Screen Protector for Galaxy Z Fold 6, Anti Scratch, Bubble Free, Easy Install",12.99,,USD,4.4,2234,https://www.amazon.com/dp/B0D7LN7FP9,https://m.media-amazon.com/images/I/71kaoARl1wL._AC_UL960_FMwebp_QL65_.jpg,1,12.99,False,False,True,False,200.0,"FREE delivery Wed, Jul 31 on $35 of items shipped by AmazonOr fastest delivery Mon, Jul 29",False,,,,
47,47,B0D635YLCT,"kurdene S8 Wireless Earbuds Bluetooth 5.3 in Ear Light-Weight Headphones,60Hrs Playtime Ear Buds with Charging Case,Built-in Microphone Headset,Immersive Premium Sound with Deep Bass for Sport Black",9.99,,USD,4.4,3964,https://www.amazon.com/dp/B0D635YLCT,https://m.media-amazon.com/images/I/715fNrGN+ML._AC_UL960_FMwebp_QL65_.jpg,1,9.99,False,False,True,False,2.0,"FREE delivery Wed, Jul 31 on $35 of items shipped by AmazonOr fastest delivery Mon, Jul 29",True,,,,
48,48,B0D6B2MJBP,"Portable Bluetooth Speaker, Stereo Sound Wireless Speakers with IPX7 Waterproof, LED Lights, Dual Pairing Speaker for Party/Home/Outdoor/Beach, Birthday Gift, Black",33.99,99.99,USD,4.5,136,https://www.amazon.com/dp/B0D6B2MJBP,https://m.media-amazon.com/images/I/61qcR51LFML._AC_UL960_FMwebp_QL65_.jpg,1,33.99,False,False,True,False,200.0,"FREE delivery Wed, Jul 31 on $35 of items shipped by AmazonOr fastest delivery Mon, Jul 29",False,,,,
49,49,B0D6357YDP,720P Full HD Webcam with Built-in Microphone and Rotatable Tripod Wide Angle Camera for Desktop PC or Laptop Computer,19.99,,USD,5.0,30,https://www.amazon.com/dp/B0D6357YDP,https://m.media-amazon.com/images/I/81pcD6kvJBL._AC_UL960_FMwebp_QL65_.jpg,1,19.99,False,False,True,False,100.0,"FREE delivery Thu, Aug 1 on $35 of items shipped by AmazonOr fastest delivery Mon, Jul 29",False,,,,
50,50,B0D6QPW32F,"Insta360 Flow Pro - AI-Powered Gimbal Stabilizer for Smartphone, Apple DockKit Enabled, 360º Infinite Pan Tracking, 3-Axis Stabilization, Built-in Tripod, Portable &amp; Foldable, AI Tracking",149.0,,USD,3.9,16,https://www.amazon.com/dp/B0D6QPW32F,https://m.media-amazon.com/images/I/6143TEIsohL._AC_UL960_FMwebp_QL65_.jpg,1,149.0,False,False,True,False,1.0,"FREE delivery Wed, Jul 31 Or fastest delivery Mon, Jul 29",False,,,,
51,51,B0D5XSTWNT,"ABIWAZY USB C Hub Multiport Adapter for MacBook Air/Pro, 9-in-1 USB C to 4K@60Hz HDMI Adapter,SD/TF Card Reader PD 100W USB C&amp;A 3.0 5Gbps, Mac Dongle Compatible for iPad/Dell/Hp/Lenovo/Surface Laptop",19.99,,USD,4.7,24,https://www.amazon.com/dp/B0D5XSTWNT,https://m.media-amazon.com/images/I/712dZzW3rSL._AC_UL960_FMwebp_QL65_.jpg,1,19.99,False,False,True,False,300.0,"FREE delivery Wed, Jul 31 on $35 of items shipped by AmazonOr fastest delivery Mon, Jul 29",False,,,,
52,52,B0D8K27YHS,"2024 Upgraded TV Antenna, TV Antenna Indoor, Long Range TV Antenna for Local Channels Support 4K 1080p with Signal Booster for Smart TV and All TVs",29.98,,USD,4.8,74460,https://www.amazon.com/dp/B0D8K27YHS,https://m.media-amazon.com/images/I/71xLZGcpk1L._AC_UL960_FMwebp_QL65_.jpg,1,29.98,False,False,True,False,200.0,"FREE delivery Wed, Jul 31 on $35 of items shipped by AmazonOr fastest delivery Mon, Jul 29",False,Save $5.00 with coupon,,,
53,53,B0D92ZXFMJ,for Milwaukee 2191-21 RED LITHIUM USB Bluetooth Jobsite Ear Buds,135.99,,USD,5.0,1,https://www.amazon.com/dp/B0D92ZXFMJ,https://m.media-amazon.com/images/I/61MrGcPwLyL._AC_UL960_FMwebp_QL65_.jpg,1,135.99,False,False,False,False,100.0,"FREE delivery Aug 1 - 5 Or fastest delivery Mon, Jul 29",False,,,,
54,54,B0D95GBQGQ,"Replacement for Nintendo Switch Controller, Wireless Switch Controllers with Dual Vibration, Wake-up.",28.99,,USD,5.0,2,https://www.amazon.com/dp/B0D95GBQGQ,https://m.media-amazon.com/images/I/71nz2Fn1zGL._AC_UL960_FMwebp_QL65_.jpg,1,28.99,True,False,False,False,100.0,FREE delivery on $35 shipped by Amazon.,False,,,,
55,55,B0D6QS3B34,Car Carplay Cable for iPhone 15 Pro Plus Pro Max，3-Pack [3.3FT+3.3FT+6FT] USB A to USB C Cable for iPad Pro/Air/Mini，for Samsung S24/S23/S22，for MacBook Pro/Air and More,12.99,,USD,4.8,181,https://www.amazon.com/dp/B0D6QS3B34,https://m.media-amazon.com/images/I/61naIYFWSAL._AC_UL960_FMwebp_QL65_.jpg,1,12.99,False,False,True,False,300.0,"FREE delivery Wed, Jul 31 on $35 of items shipped by AmazonOr fastest delivery Mon, Jul 29",False,,,,
56,56,B0D7Q4S11G,"2 Packs-for iPhone Headphones Wired Earbuds with Connector Noise Isolating Earphones Wired with Built-in Microphone &amp; Volume Control, Compatible for iPhone 14/14 Pro/13/12/11/X/XR/XS-All iOS",11.88,15.88,USD,4.4,1612,https://www.amazon.com/dp/B0D7Q4S11G,https://m.media-amazon.com/images/I/511GIOJstkL._AC_UL960_FMwebp_QL65_.jpg,1,11.88,False,False,True,False,100.0,"FREE delivery Wed, Jul 31 on $35 of items shipped by AmazonOr fastest delivery Mon, Jul 29",False,Save 10% with coupon,,,
57,57,B0D77SHSB7,"[2+2 Pack] Galaxy s22 Ultra Screen Protector, 2 Pack Tempered Glass Screen Protector +2 Pack Tempered Glass Camera Lens Protector,3D Curved,9H Tempered Glass, Ultrasonic Fingerprint Support, HD Clear Scratch Resistant for Samsung Galaxy s22 Ultra 5G Glass Screen Protector",9.98,,USD,1.7,76,https://www.amazon.com/dp/B0D77SHSB7,https://m.media-amazon.com/images/I/71i+8G+5s5L._AC_UL960_FMwebp_QL65_.jpg,1,9.98,False,False,True,False,4.0,"FREE delivery Wed, Jul 31 on $35 of items shipped by AmazonOr fastest delivery Mon, Jul 29",False,,,,
58,58,B0D72TNXSC,"8Bitdo Ultimate 2C Wireless Controller for Windows PC and Android, with 1000Hz Polling Rate, Hall Effect Joysticks and Hall Triggers, and Remappable L4/R4 Bumpers (Purple)",29.99,,USD,4.5,2277,https://www.amazon.com/dp/B0D72TNXSC,https://m.media-amazon.com/images/I/51Nc3du0DnL._AC_UL960_FMwebp_QL65_.jpg,1,29.99,False,False,True,False,400.0,"FREE delivery Wed, Jul 31 on $35 of items shipped by AmazonOr fastest delivery Mon, Jul 29",True,,,,
59,59,B0D9NJHCKF,"2024 Extendtecc WiFi Extender Signal Booster | New Gen 5X Faster Than Ever Signal Amplifier for Home, Longest Range Internet Boosters WiFi Repeater with Ethernet Port | Coverage up to 9,882 sq.ft",59.49,,USD,4.8,72,https://www.amazon.com/dp/B0D9NJHCKF,https://m.media-amazon.com/images/I/61LcWcleHVL._AC_UL960_FMwebp_QL65_.jpg,1,59.49,False,False,True,False,300.0,"FREE delivery Wed, Jul 31 Or fastest delivery Mon, Jul 29",False,,,,
60,60,B0D78H29R8,"Smart Watch for Men Women (Answer/Make Call),1.85&quot; Touch Screen Fitness Watch IP68 Waterproof, Heart Rate Sleep Monitor, Pedometer, 112+ Sport Modes Fitness Activity Tracker for Android iOS",39.99,89.99,USD,4.8,78,https://www.amazon.com/dp/B0D78H29R8,https://m.media-amazon.com/images/I/614qsJwlwuL._AC_UL960_FMwebp_QL65_.jpg,1,39.99,False,False,True,False,200.0,"FREE delivery Wed, Jul 31 Or fastest delivery Mon, Jul 29",False,Save $10.00 with coupon,,,
61,61,B0D9MJXGL2,"Shipping Label Printer, Bluetooth Thermal Label Printer 4x6 for Shipping Packages, Support Windows, Mac, iOS, iPhone, Android, Used for Amazon, Ebay, Shopify, Etsy, UPS, USPS",59.99,,USD,4.6,60,https://www.amazon.com/dp/B0D9MJXGL2,https://m.media-amazon.com/images/I/71Vb29oolPL._AC_UL960_FMwebp_QL65_.jpg,1,59.99,False,False,True,False,50.0,"FREE delivery Wed, Jul 31 Or fastest delivery Mon, Jul 29",False,Save $20.00 with coupon,,,
63,63,B0D8J5W2CJ,"MYMAHDI MP3 Player with Bluetooth and WiFi Up to 512GB,4&quot; Music player Touch Screen with YouTube,Spotify, Pandora, Android Streaming MP3 Player with Audible,",46.66,56.66,USD,5.0,1,https://www.amazon.com/dp/B0D8J5W2CJ,https://m.media-amazon.com/images/I/61Co8Lo0UNL._AC_UL960_FMwebp_QL65_.jpg,1,46.66,False,False,True,False,100.0,"FREE delivery Wed, Jul 31 Or fastest delivery Mon, Jul 29",False,,,,
64,64,B0D7367688,"3+2 Pack Galaxy S21 Ultra Tempered Glass Screen Protector and HD Camera Lens Protector with Bubble-Free Installation, 9H Hardness, Ultrasonic Fingerprint Support, For Galaxy S21 Ultra 6.8 Inch",12.99,,USD,4.2,582,https://www.amazon.com/dp/B0D7367688,https://m.media-amazon.com/images/I/61Ny95V8l0L._AC_UL960_FMwebp_QL65_.jpg,1,12.99,False,False,True,False,100.0,"FREE delivery Fri, Aug 2 on $35 of items shipped by AmazonOr fastest delivery Mon, Jul 29",False,,,,
65,65,B0D739N97N,"2-Pack Sleeping Headphones Bluetooth Headband, 2024 New Headband Headphones with Ultra-Thin Speakers, Wireless Headphones Headband for Side Sleepers, Running, Insomniac, Travel, Meditation（Black&amp;Grey）",28.99,,USD,4.5,42,https://www.amazon.com/dp/B0D739N97N,https://m.media-amazon.com/images/I/81cNeOlMbEL._AC_UL960_FMwebp_QL65_.jpg,1,28.99,False,False,True,False,500.0,"FREE delivery Wed, Jul 31 on $35 of items shipped by AmazonOr fastest delivery Mon, Jul 29",True,Save $8.00 with coupon,$14.50,2.0,
66,66,B0D4XZWYZ5,"Screen Cleaner Spray 16oz (4oz x 4 Pack) - TV Screen Cleaner Spray and 2 Microfiber Cloths, Computer Screen Cleaner &amp; Car Screen Cleaner for TV, Monitor, Laptop, MacBook, iPad and Electronic Devices",9.99,,USD,4.7,26,https://www.amazon.com/dp/B0D4XZWYZ5,https://m.media-amazon.com/images/I/81xPAX33-wL._AC_UL960_FMwebp_QL65_.jpg,1,9.99,False,False,True,False,300.0,"FREE delivery Wed, Jul 31 on $35 of items shipped by AmazonOr fastest delivery Mon, Jul 29",False,,,,
67,67,B0D92B5783,"Bluetooth Thermal Label Printer - Clear Print Quality, Portable printer Wireless Shipping Label Printer Easy to Connect, Use to Print Shipping Labels, Compatible with Amazon Shopify eBay Ups",59.99,,USD,5.0,4,https://www.amazon.com/dp/B0D92B5783,https://m.media-amazon.com/images/I/71jbr-j2n4L._AC_UL960_FMwebp_QL65_.jpg,1,59.99,False,False,True,False,100.0,"FREE delivery Wed, Jul 31 Or fastest delivery Mon, Jul 29",False,,,,
68,68,B0D9H7ZHW6,"Wired Earbuds 4 Pack, Earbuds HiFi Stereo Wired Earphones Headphones with Microphone Volume Control Compatible with iPad, Laptop, MP3, Android Smartphones, Fits All 3.5mm Jack Device",9.99,,USD,5.0,1,https://www.amazon.com/dp/B0D9H7ZHW6,https://m.media-amazon.com/images/I/61Bn5nEM+2L._AC_UL960_FMwebp_QL65_.jpg,1,9.99,False,False,True,False,200.0,"FREE delivery Wed, Jul 31 on $35 of items shipped by AmazonOr fastest delivery Mon, Jul 29",False,,,,
69,69,B0D9MJXGL2,"Shipping Label Printer, Bluetooth Thermal Label Printer 4x6 for Shipping Packages, Support Windows, Mac, iOS, iPhone, Android, Used for Amazon, Ebay, Shopify, Etsy, UPS, USPS",59.99,,USD,4.6,60,https://www.amazon.com/dp/B0D9MJXGL2,https://m.media-amazon.com/images/I/71Vb29oolPL._AC_UL960_FMwebp_QL65_.jpg,1,59.99,False,False,True,False,50.0,"FREE delivery Wed, Jul 31 Or fastest delivery Mon, Jul 29",False,Save $20.00 with coupon,,,
70,70,B0D8J5W2CJ,"MYMAHDI MP3 Player with Bluetooth and WiFi Up to 512GB,4&quot; Music player Touch Screen with YouTube,Spotify, Pandora, Android Streaming MP3 Player with Audible,",46.66,56.66,USD,5.0,1,https://www.amazon.com/dp/B0D8J5W2CJ,https://m.media-amazon.com/images/I/61Co8Lo0UNL._AC_UL960_FMwebp_QL65_.jpg,1,46.66,False,False,True,False,100.0,"FREE delivery Wed, Jul 31 Or fastest delivery Mon, Jul 29",False,,,,
71,71,B0D5DPFTPB,"Jabra Elite 8 Active Gen 2 Bluetooth Wireless Earbuds with Dolby Audio Spatial Sound - Advanced Workout Waterproof Headphones with Noise Cancelling, Military Grade with Smart Case - Black",229.99,,USD,5.0,2,https://www.amazon.com/dp/B0D5DPFTPB,https://m.media-amazon.com/images/I/71XiEfe2IUL._AC_UL960_FMwebp_QL65_.jpg,2,220.79,False,False,True,False,400.0,"FREE delivery Wed, Jul 31 Or fastest delivery Mon, Jul 29",False,,,,
72,72,B0D7367688,"3+2 Pack Galaxy S21 Ultra Tempered Glass Screen Protector and HD Camera Lens Protector with Bubble-Free Installation, 9H Hardness, Ultrasonic Fingerprint Support, For Galaxy S21 Ultra 6.8 Inch",12.99,,USD,4.2,582,https://www.amazon.com/dp/B0D7367688,https://m.media-amazon.com/images/I/61Ny95V8l0L._AC_UL960_FMwebp_QL65_.jpg,1,12.99,False,False,True,False,100.0,"FREE delivery Fri, Aug 2 on $35 of items shipped by AmazonOr fastest delivery Mon, Jul 29",False,,,,
73,73,B0D4QCRS7S,USB C Hub Multiport Adapter for MacBook Pro Air: KIROSA 9 in 1 USB C to 4K HDMI Hub Dongle with 100W PD USB3.0 - Portable USBC Hub Compatible with Laptops and Other Type C Devices,10.99,,USD,4.5,24,https://www.amazon.com/dp/B0D4QCRS7S,https://m.media-amazon.com/images/I/61FdyqXDjQL._AC_UL960_FMwebp_QL65_.jpg,1,10.99,False,False,True,False,500.0,"FREE delivery Wed, Jul 31 on $35 of items shipped by AmazonOr fastest delivery Mon, Jul 29",False,Save 5% with coupon,,,
74,74,B0D9H7ZHW6,"Wired Earbuds 4 Pack, Earbuds HiFi Stereo Wired Earphones Headphones with Microphone Volume Control Compatible with iPad, Laptop, MP3, Android Smartphones, Fits All 3.5mm Jack Device",9.99,,USD,5.0,1,https://www.amazon.com/dp/B0D9H7ZHW6,https://m.media-amazon.com/images/I/61Bn5nEM+2L._AC_UL960_FMwebp_QL65_.jpg,1,9.99,False,False,True,False,200.0,"FREE delivery Wed, Jul 31 on $35 of items shipped by AmazonOr fastest delivery Mon, Jul 29",False,,,,
75,75,B0D92B5783,"Bluetooth Thermal Label Printer - Clear Print Quality, Portable printer Wireless Shipping Label Printer Easy to Connect, Use to Print Shipping Labels, Compatible with Amazon Shopify eBay Ups",59.99,,USD,5.0,4,https://www.amazon.com/dp/B0D92B5783,https://m.media-amazon.com/images/I/71jbr-j2n4L._AC_UL960_FMwebp_QL65_.jpg,1,59.99,False,False,True,False,100.0,"FREE delivery Wed, Jul 31 Or fastest delivery Mon, Jul 29",False,,,,
76,76,B0D7MPTDH1,"Wireless Earpiece noise cancelling, flexible ear loop design, single ear Bluetooth earphones LED charging case, 72 Hours Talking Time Microphone Headset for iOS Android, driving/business Headphones",39.99,,USD,5.0,22,https://www.amazon.com/dp/B0D7MPTDH1,https://m.media-amazon.com/images/I/51gzNbUZdVL._AC_UL960_FMwebp_QL65_.jpg,1,39.99,False,False,True,False,50.0,"FREE delivery Wed, Jul 31 Or fastest delivery Mon, Jul 29",False,Save 30% with coupon,,,
77,77,B0D4XZWYZ5,"Screen Cleaner Spray 16oz (4oz x 4 Pack) - TV Screen Cleaner Spray and 2 Microfiber Cloths, Computer Screen Cleaner &amp; Car Screen Cleaner for TV, Monitor, Laptop, MacBook, iPad and Electronic Devices",9.99,,USD,4.7,26,https://www.amazon.com/dp/B0D4XZWYZ5,https://m.media-amazon.com/images/I/81xPAX33-wL._AC_UL960_FMwebp_QL65_.jpg,1,9.99,False,False,True,False,300.0,"FREE delivery Wed, Jul 31 on $35 of items shipped by AmazonOr fastest delivery Mon, Jul 29",False,,,,
78,78,B0D99QQ7JL,"TV Antenna-TV Antenna Indoor-TV Antenna for Local Channels,Support TV Antenna for Smart TV Indoor and All Older TV&#x27;s -Signal Booster 15FT Coax HDTV Cable",26.99,29.88,USD,4.8,74460,https://www.amazon.com/dp/B0D99QQ7JL,https://m.media-amazon.com/images/I/71X-Xmr07RL._AC_UL960_FMwebp_QL65_.jpg,1,26.99,False,False,False,False,50.0,FREE delivery on $35 shipped by Amazon.,False,Save $10.00 with coupon,,,
79,79,B0D7LYYWG8,"2024 Newest WiFi Extender, WiFi Repeater, WiFi Booster, Covers Up to 8640 Sq.ft and 60 Devices, Internet Booster - with Ethernet Port, Quick Setup, Home Wireless Signal Booster",16.99,,USD,4.8,101,https://www.amazon.com/dp/B0D7LYYWG8,https://m.media-amazon.com/images/I/51VNco6JUvL._AC_UL960_FMwebp_QL65_.jpg,1,16.99,False,False,True,True,1.0,"FREE delivery Wed, Jul 31 on $35 of items shipped by AmazonOr fastest delivery Mon, Jul 29",False,,,,
80,80,B0D74N1YNK,"Smart Watch (Answer/Make Calls), Ultra Thin 1.43’’ AMOLED Smart Watches for Men Women, 100+ Sport Modes Fitness Tracker with Blood Oxygen/Heart Rate Monitor, IP67, Android IOS(with 2 bands)(Black)",39.99,49.99,USD,4.7,56,https://www.amazon.com/dp/B0D74N1YNK,https://m.media-amazon.com/images/I/81Kf11kINPL._AC_UL960_FMwebp_QL65_.jpg,3,38.39,False,False,True,False,200.0,"FREE delivery Wed, Jul 31 Or fastest delivery Mon, Jul 29",False,,,,
81,81,B0D73DHHV5,"2 Pack USB C to 3.5mm Headphone Jack Adapter, USB Type C to Aux Audio Dongle Cable Cord Compatible with iPhone 15 Plus 15 Pro Max, Samsung Galaxy S23 S24 Ultra, Note 20, iPad Pro, MacBook, Pixel XL",8.99,9.99,USD,4.8,12607,https://www.amazon.com/dp/B0D73DHHV5,https://m.media-amazon.com/images/I/51ZhGHSXOeL._AC_UL960_FMwebp_QL65_.jpg,1,8.99,False,False,True,False,1.0,"FREE delivery Wed, Jul 31 on $35 of items shipped by AmazonOr fastest delivery Mon, Jul 29",False,Save 5% with coupon,,,
82,82,B0D45WN7G9,"ekids Bluey Kids Camera with SD Card, Digital Camera for Kids with Video Camera, Built-in Digital Stickers for Fans of Bluey Toys",29.99,,USD,4.4,6,https://www.amazon.com/dp/B0D45WN7G9,https://m.media-amazon.com/images/I/61dyuPxWQlL._AC_UL960_FMwebp_QL65_.jpg,1,29.99,False,False,True,False,300.0,"FREE delivery Wed, Jul 31 on $35 of items shipped by AmazonOr fastest delivery Mon, Jul 29",False,,,,
83,83,B0D9F79XRT,2 Packs iPhone Headphones Wired with Lightning Connector[MFi Certified](Built-in Microphone &amp; Volume Control)Earbuds support for iPhone 14/13/12/11/XR/XS/X/7/7 Plus/8/8Plus Support All iOS System,12.99,,USD,4.7,14474,https://www.amazon.com/dp/B0D9F79XRT,https://m.media-amazon.com/images/I/51jesM6kBqL._AC_UL960_FMwebp_QL65_.jpg,1,12.99,False,False,True,False,500.0,"FREE delivery Thu, Aug 1 on $35 of items shipped by AmazonOr fastest delivery Mon, Jul 29",False,Save 5% with coupon,,,
84,84,B0D8FQHGR7,"ZHCWM Compatible with Nintendo Switch Controller,Replacement Switch Controllers, Support Dual Vibration/Wake-up/Motion Control,Red/Blue",29.99,31.99,USD,3.5,3,https://www.amazon.com/dp/B0D8FQHGR7,https://m.media-amazon.com/images/I/61c3Dsa56hL._AC_UL960_FMwebp_QL65_.jpg,1,29.99,False,False,True,False,2.0,"FREE delivery Wed, Jul 31 on $35 of items shipped by AmazonOr fastest delivery Mon, Jul 29",False,,,,
85,85,B0D4QV56KG,"CHESONA iPad Pro 11 Inch (M4) 2024 Case with Keyboard, Magnetic Detachable Keyboard, Precise Cutouts Case with Pencil Holder, Type-C Rechargeable, Wireless Folio Keyboard Case for iPad Pro 11&#x27;&#x27;, Black",35.99,,USD,5.0,1,https://www.amazon.com/dp/B0D4QV56KG,https://m.media-amazon.com/images/I/71AQViv+MFL._AC_UL960_FMwebp_QL65_.jpg,1,35.99,False,False,True,False,50.0,"FREE delivery Wed, Jul 31 Or fastest delivery Mon, Jul 29",False,Save 5% with coupon,,,
86,86,B0D66QZQ2Y,"occiam Wireless Earbuds Bluetooth 5.3 Headphones 64H Playback Stereo Ear Buds with Wireless Charging Case in-ear Earphones for Android Phone Laptop,Black",9.99,23.99,USD,4.7,145,https://www.amazon.com/dp/B0D66QZQ2Y,https://m.media-amazon.com/images/I/61VB4I2x+TL._AC_UL960_FMwebp_QL65_.jpg,1,9.99,False,False,True,False,2.0,"FREE delivery Wed, Jul 31 on $35 of items shipped by AmazonOr fastest delivery Mon, Jul 29",False,,,,
87,87,B0D69969V1,"Bluetooth Headset, Wireless Bluetooth Earpiece With 400mAh Charging Case,150 Hours Talktime Hands Free Noise Canceling Headphones for iOS Android Cell Phone, Built-in Mic for Trucker, Office.",24.99,89.99,USD,4.8,9,https://www.amazon.com/dp/B0D69969V1,https://m.media-amazon.com/images/I/61g1Uf6kMeL._AC_UL960_FMwebp_QL65_.jpg,1,24.99,False,False,True,False,200.0,"FREE delivery Wed, Jul 31 on $35 of items shipped by AmazonOr fastest delivery Mon, Jul 29",False,Save 25% with coupon,,,
88,88,B0D87G5RYW,"IMFRCHCS Fitness Tracker, Smart Watch with 1.47&quot; TFT Touch Display, 137+ Sport Modes Activity Tracker with 24/7 Heart Rate Blood Oxygen and Sleep Monitor, IP68 Waterproof Tracker for Women Men Kids",49.99,99.99,USD,4.6,227,https://www.amazon.com/dp/B0D87G5RYW,https://m.media-amazon.com/images/I/61CR44jy1oL._AC_UL960_FMwebp_QL65_.jpg,1,49.99,False,False,True,False,100.0,"FREE delivery Wed, Jul 31 Or fastest delivery Mon, Jul 29",False,Save $20.00 with coupon,,,
89,89,B0D5Z333HL,"64G Magnetic Voice Activated Recorder Device - 4800 Hours Portable Voice Recorder with Playback, 3072Kpbs HD Dual Microphone Tape Voice Recorder with Noise Reduction for Interviews/Meetings/Courses",37.99,,USD,5.0,10,https://www.amazon.com/dp/B0D5Z333HL,https://m.media-amazon.com/images/I/61KtqnshA-L._AC_UL960_FMwebp_QL65_.jpg,1,37.99,False,False,True,False,200.0,"FREE delivery Fri, Aug 9 Or fastest delivery Mon, Jul 29 Only 5 left in stock - order soon.",False,Save 15% with coupon,,,Only 5 left in stock - order soon.
90,90,B0D8DJ6T8V,"[2+2 Pack] for Google Pixel 7 Pro Screen Protector, 9H Tempered Glass, Ultrasonic Fingerprint Compatible, 3D Curved, HD Clear Scratch Resistant for Google Pixel 7 Pro 5G Glass Screen Protector",9.99,11.99,USD,4.3,243,https://www.amazon.com/dp/B0D8DJ6T8V,https://m.media-amazon.com/images/I/71Oi3qWnvoL._AC_UL960_FMwebp_QL65_.jpg,1,9.99,False,False,True,False,200.0,"FREE delivery Wed, Jul 31 on $35 of items shipped by AmazonOr fastest delivery Mon, Jul 29",False,,,,
91,91,B0D97F6FP6,GNMN Wireless Earbuds Bluetooth Headphones Over Ear Buds 90H Playback IPX7 Waterproof Sports Earphones Deep Bass with Wireless Charging Case Dual LED Power Display Earhooks Headset for Running White,25.99,41.99,USD,4.9,358,https://www.amazon.com/dp/B0D97F6FP6,https://m.media-amazon.com/images/I/61KYd0DHHPL._AC_UL960_FMwebp_QL65_.jpg,1,25.99,False,False,True,False,500.0,"FREE delivery Wed, Jul 31 on $35 of items shipped by AmazonOr fastest delivery Mon, Jul 29",True,Save 40% with coupon,,,
92,92,B0D9238TCL,Hidden camera - 1080P Indoor camera - Nanny camera - Best mini camera - WiFi wireless camera - Home Camera for Pet/Baby - Live Video Recorder with Night Vision - Full HD Surveillance Camerar (Black),36.98,,USD,4.8,4436,https://www.amazon.com/dp/B0D9238TCL,https://m.media-amazon.com/images/I/61ruR1zq+xL._AC_UL960_FMwebp_QL65_.jpg,1,36.98,False,False,True,False,50.0,"FREE delivery Wed, Jul 31 Or fastest delivery Mon, Jul 29",False,Save 10% with coupon,,,
95,95,B0D7ZQ1ZLF,GNMN Wireless Earbuds Bluetooth Headphones Deep Bass Stereo Sound Ear Buds Waterproof Earphones 68Hrs Playback with Wireless Charging Case &amp; Mic for iPhone Android TV Laptop Sports Black,18.99,,USD,4.9,264,https://www.amazon.com/dp/B0D7ZQ1ZLF,https://m.media-amazon.com/images/I/61PNXCx+PtL._AC_UL960_FMwebp_QL65_.jpg,1,18.99,False,False,True,False,2.0,"FREE delivery Wed, Jul 31 on $35 of items shipped by AmazonOr fastest delivery Mon, Jul 29",False,,,,
96,96,B0D73N1WKT,"Cuteey 6+6 Pack for Samsung Galaxy Watch 7 Screen Protector Case 44mm, Hard PC Bumper Cover with Anti-Fog Tempered Glass Protective Film for Galaxy Watch 7 Accessories Neutral,44mm",9.99,,USD,4.5,2717,https://www.amazon.com/dp/B0D73N1WKT,https://m.media-amazon.com/images/I/71FoMmmXCmL._AC_UL960_FMwebp_QL65_.jpg,1,9.99,False,False,True,False,100.0,"FREE delivery Wed, Jul 31 on $35 of items shipped by AmazonOr fastest delivery Mon, Jul 29",False,Save 20% with coupon,,,
97,97,B0D7LT84FG,"TV Antenna, TV Antenna Indoor, HD TV Antenna for Smart TV and Old TV,TV Antenna for Local Channels,Support 4K 1080p with Signal Booster Antenna TV Digital HD Indoor, 18FT Coax HDTV Cable",26.99,29.99,USD,4.8,43326,https://www.amazon.com/dp/B0D7LT84FG,https://m.media-amazon.com/images/I/51XeODoyZAL._AC_UL932_FMwebp_QL65_.jpg,1,26.99,False,False,True,False,2.0,"FREE delivery Wed, Jul 31 on $35 of items shipped by AmazonOr fastest delivery Mon, Jul 29",False,Save 5% with coupon,,,
99,99,B0D5YH77VF,"Charger for MacBook Air 13 15 inch M2 M3 2024 2023 2022 2021 MacBook Pro 14 inch M1 M2 M3, 70W USB C Power Adapter, 6.6FT USB C to 3 Braided Cable, Powerful Connect, Super Durable, Original Quality",59.99,,USD,5.0,1,https://www.amazon.com/dp/B0D5YH77VF,https://m.media-amazon.com/images/I/51ATvfRzQiL._AC_UL960_FMwebp_QL65_.jpg,1,59.99,False,False,True,False,100.0,"FREE delivery Wed, Jul 31 Or fastest delivery Mon, Jul 29",False,Save $20.00 with coupon,,,
100,100,B0D626HRLD,"Lightning to HDMI Adapter Digital AV, for iPad iPhone to HDMI Adapter 1080P with Lightning Charging Port Compatible for iPhone, iPad and iPod Models and TV Monitors Projector",14.99,,USD,4.6,144177,https://www.amazon.com/dp/B0D626HRLD,https://m.media-amazon.com/images/I/515SrvqoK1L._AC_UL960_FMwebp_QL65_.jpg,1,14.99,False,False,True,False,50.0,"FREE delivery Wed, Jul 31 on $35 of items shipped by AmazonOr fastest delivery Mon, Jul 29",False,,,,
101,101,B0D62CPFYZ,"10.1&quot; WiFi Digital Picture Frame, Smart Electronic Photo Frame, 1280x800 IPS HD Touch Screen, Auto-Rotate, Easy Setup to Share Photos or Videos Remotely via App and Email",69.99,,USD,4.6,11,https://www.amazon.com/dp/B0D62CPFYZ,https://m.media-amazon.com/images/I/71bxcVxzRuL._AC_UL960_FMwebp_QL65_.jpg,1,69.99,False,False,True,False,50.0,"FREE delivery Wed, Jul 31 Or fastest delivery Mon, Jul 29",False,Save $15.00 with coupon,,,
102,102,B0D7M5DLSW,"Wireless Earbuds, Bluetooth 5.3 Headphones, 72Hrs Deep Bass Ear Buds with Earhook, Bluetooth Earbuds with 4 ENC Noise Canceling Mic, LED Display Earphones, IP7 Waterproof Earbud for Sport, Black",29.99,,USD,5.0,240,https://www.amazon.com/dp/B0D7M5DLSW,https://m.media-amazon.com/images/I/714Mn-845yL._AC_UL960_FMwebp_QL65_.jpg,1,29.99,False,False,True,False,100.0,"FREE delivery Wed, Jul 31 on $35 of items shipped by AmazonOr fastest delivery Mon, Jul 29",True,Save $10.00 with coupon,,,
103,103,B0D5YMWWSX,"Wireless Lavalier Microphone for iPhone/Android, Mini Microphone with Noise Cancellation, 16Hrs Battery Life, Lapel Bluetooth Mic, USB C Wireless Lapel Microphone for Video Recording",69.99,99.99,USD,5.0,20,https://www.amazon.com/dp/B0D5YMWWSX,https://m.media-amazon.com/images/I/71gC61AOCzL._AC_UL960_FMwebp_QL65_.jpg,1,69.99,False,False,True,False,100.0,"FREE delivery Wed, Jul 31 Or fastest delivery Mon, Jul 29",False,Save 30% with coupon,,,
104,104,B0D86QG8NJ,"Video Capture Card USB 2.0, RCA to USB Video Capture Device, Digital Video Converter to Save Digital Files for Your Mac OS X Windows 7 8 10 PC, One Touch VCR TV to DVD",15.99,19.99,USD,4.8,6,https://www.amazon.com/dp/B0D86QG8NJ,https://m.media-amazon.com/images/I/51Co-OyYHWL._AC_UL960_FMwebp_QL65_.jpg,1,15.99,False,False,True,False,200.0,"FREE delivery Wed, Jul 31 on $35 of items shipped by AmazonOr fastest delivery Mon, Jul 29",False,,,,
105,105,B0D343FLYZ,"Rand McNally RANDTAB8 Rand Tablet with Rand Navigation GPS with Speed Camera Alerts and Live Traffic, Weather and Fuel - 8 Inch",549.99,,USD,5.0,1,https://www.amazon.com/dp/B0D343FLYZ,https://m.media-amazon.com/images/I/71xUpU2bRrL._AC_UL960_FMwebp_QL65_.jpg,1,549.99,False,False,True,False,50.0,"FREE delivery Wed, Jul 31 Or fastest delivery Mon, Jul 29",False,,,,
106,106,B0D5VK53LB,"Open Ear Swimming Headphones, Wireless Waterproof Bone Conduction Earphones, Built-in 32GB MP3,with Mic, IP68, Up to 10 Hours Battery, Bluetooth 5.3,for Running,Swimming,Workouts",59.95,,USD,3.0,2,https://www.amazon.com/dp/B0D5VK53LB,https://m.media-amazon.com/images/I/61eyq9rxHaL._AC_UL960_FMwebp_QL65_.jpg,1,59.95,False,False,True,False,100.0,"FREE delivery Wed, Jul 31 Or fastest delivery Mon, Jul 29",False,,,,
107,107,B0D4Z8DDYB,"TIMMKOO Kids MP3 Player with Bluetooth and WIFI, Parental Controls, Pre-Installed Spotify, Spotify Kids, Pandora, 4&quot; Touch Screen MP4 Player with Audible, Audiobooks Up to 1TB (Black)",49.99,,USD,4.3,182,https://www.amazon.com/dp/B0D4Z8DDYB,https://m.media-amazon.com/images/I/71Ylq9rKl5L._AC_UL960_FMwebp_QL65_.jpg,1,49.99,False,False,True,False,500.0,"FREE delivery Wed, Jul 31 Or fastest delivery Mon, Jul 29",False,,,,
109,109,B0D948J9D3,GNMN Bluetooth Headphones Wireless Earbuds 96hrs Playback Ear Buds IPX7 Waterproof Stereo Bass Over-Ear Earphones with Earhooks Microphone LED Battery Display for Sports/Workout/Gym/Running Blue,26.99,,USD,4.9,431,https://www.amazon.com/dp/B0D948J9D3,https://m.media-amazon.com/images/I/71QFilN0DdL._AC_UL960_FMwebp_QL65_.jpg,3,26.72,False,False,True,False,2.0,"FREE delivery Wed, Jul 31 on $35 of items shipped by AmazonOr fastest delivery Mon, Jul 29",True,Save 40% with coupon,,,
110,110,B0D49HKPMG,Voice Remote Control Replacement for Fire-TV-Stick/TV Cube and for Insignia/Toshiba/Pioneer/AMZ Fire Smart TVs,12.99,,USD,4.6,8,https://www.amazon.com/dp/B0D49HKPMG,https://m.media-amazon.com/images/I/61FS+ukJJIL._AC_UL960_FMwebp_QL65_.jpg,1,12.99,False,False,True,False,300.0,"FREE delivery Wed, Jul 31 on $35 of items shipped by AmazonOr fastest delivery Mon, Jul 29",False,Save 6% with coupon,,,
111,111,B0D69L9SJV,"8K@60Hz Displayport KVM Switch 2 Monitors 2 Computers USB 3.0, 4K@240Hz KVM Switch Displayport with 3 USB 3.0 Ports Sharing Keyboard and Mouse, Printer/Scanner, Desktop Controller",64.99,99.99,USD,4.2,252,https://www.amazon.com/dp/B0D69L9SJV,https://m.media-amazon.com/images/I/71p8UFYli6L._AC_UL960_FMwebp_QL65_.jpg,1,64.99,False,False,True,False,50.0,"FREE delivery Wed, Jul 31 Or fastest delivery Mon, Jul 29",False,,,,
112,112,B0D5XX22X2,"Open Ear Clip Headphones, Bluetooth 5.3 Wireless Headphones Built-in Mic with Charging Case LED Display Sports Earphones 30 Hours Playtime Bluetooth Earbuds with Earhooks for Workout (Black)",45.99,,USD,4.9,16,https://www.amazon.com/dp/B0D5XX22X2,https://m.media-amazon.com/images/I/51xcubzIN4L._AC_UL960_FMwebp_QL65_.jpg,1,45.99,False,False,True,False,200.0,"FREE delivery Wed, Jul 31 Or fastest delivery Mon, Jul 29",False,Save 50% with coupon,,,
113,113,B0D86PLHMK,"2024 Newest WiFi Extender, WiFi Repeater, WiFi Booster, Covers Up to 8640 Sq.ft and 60 Devices, Internet Booster - with Ethernet Port, Quick Setup, Home Wireless Signal Booster",14.99,,USD,4.4,17,https://www.amazon.com/dp/B0D86PLHMK,https://m.media-amazon.com/images/I/512MJk+uttL._AC_UL960_FMwebp_QL65_.jpg,1,14.99,False,False,True,False,200.0,"FREE delivery Wed, Jul 31 on $35 of items shipped by AmazonOr fastest delivery Mon, Jul 29",False,Save 20% with coupon,,,
114,114,B0D7ZY98B5,"LEVN [2024 Version] Wireless Headset with Mic for Work, Bluetooth Headset with Microphone (AI Noise Cancelling), Wireless Headset for Work from Home/Office/Call Center/PC/Computer/Laptop/Teams/Zoom",75.99,89.99,USD,4.9,47,https://www.amazon.com/dp/B0D7ZY98B5,https://m.media-amazon.com/images/I/61XEkFVyauL._AC_UL960_FMwebp_QL65_.jpg,1,75.99,False,False,True,True,1.0,"FREE delivery Wed, Jul 31 Or fastest delivery Mon, Jul 29",False,Save $10.00 with coupon,,,
115,115,B0D83G11V2,"[3+2 Pack] for Samsung Galaxy S23+/Plus Privacy Screen Protector 6.6 Inch, 9H Tempered Glass, No Bubbles, Fingerprint Unlock, Case Friendly Compatible with Samsung Galaxy S23 Plus Anti Spy Glass Screen Saver 5G",13.99,,USD,4.4,3138,https://www.amazon.com/dp/B0D83G11V2,https://m.media-amazon.com/images/I/61oTfL9-WvL._AC_UL960_FMwebp_QL65_.jpg,1,13.99,False,False,True,False,50.0,"FREE delivery Wed, Jul 31 on $35 of items shipped by AmazonOr fastest delivery Mon, Jul 29",False,,,,
116,116,B0D93K9QKN,"TV Antenna for Smart TV, 700+ Miles Range Digital TV Antenna Indoor,TV Antenna for Local Channels Best Rated 2024 Support HD 4K 8K1080p All TV&#x27;s - Amplifier Signal Booster &amp; Thick Cable",35.99,,USD,5.0,24,https://www.amazon.com/dp/B0D93K9QKN,https://m.media-amazon.com/images/I/91iiFn8IMpL._AC_UL960_FMwebp_QL65_.jpg,2,34.55,False,False,True,False,200.0,"FREE delivery Mon, Aug 5 Or fastest delivery Mon, Jul 29",False,Save 5% with coupon,,,
117,117,B0D4Y72BCS,"Security Cameras Wireless Outdoor/Indoor, 2K Magnetic Mount WIFI Cameras for Home Security with AI Motion Detection, 32G SD/Cloud Storage, Color Night Vision, 2-Way Audio",59.99,,USD,5.0,11,https://www.amazon.com/dp/B0D4Y72BCS,https://m.media-amazon.com/images/I/71LIia-twhL._AC_UL960_FMwebp_QL65_.jpg,1,59.99,False,False,True,False,100.0,"FREE delivery Wed, Jul 31 Or fastest delivery Mon, Jul 29",False,Save 25% with coupon,,,
118,118,B0D5DLF39S,"Jabra Elite 10 Gen 2 Wireless Earbuds with Dolby Atmos Spatial Sound - Advanced Noise Cancelling, All Day Comfort for Work and Fitness, in-ear Bluetooth Headphones with Smart Case - Gloss Black",279.99,,USD,3.8,5,https://www.amazon.com/dp/B0D5DLF39S,https://m.media-amazon.com/images/I/61jlOGJONOL._AC_UL960_FMwebp_QL65_.jpg,2,277.19,False,False,True,False,300.0,"FREE delivery Wed, Jul 31 Or fastest delivery Mon, Jul 29",False,,,,
119,119,B0D4DTYYC5,iPhone Charger Fast Charging 10 ft Cord【Apple Certified】 USB C to Lightning Cable 10ft with 20W Fast Charger Block for iPhone 14 Pro Max/13 Plus/12 Mini/11/iPad Pro/Air(2-Pack),13.59,16.99,USD,4.5,4981,https://www.amazon.com/dp/B0D4DTYYC5,https://m.media-amazon.com/images/I/51fobthm4EL._AC_UL960_FMwebp_QL65_.jpg,2,9.51,False,False,True,False,500.0,"FREE delivery Thu, Aug 1 on $35 of items shipped by AmazonOr fastest delivery Mon, Jul 29",False,,,,
120,120,B0D86V1MZM,Carplay Wireless Adapter for Factory Wired CarPlay 2024 Upgrade Plug &amp; Play 5.8GHz WiFi Bluetooth Auto Connect CarPlay Dongle Converts Wired to Wireless for Cars from 2015 &amp; iPhone iOS 10+,29.99,,USD,4.6,69,https://www.amazon.com/dp/B0D86V1MZM,https://m.media-amazon.com/images/I/61ZSLYL3lEL._AC_UL960_FMwebp_QL65_.jpg,1,29.99,False,False,False,False,500.0,FREE delivery on $35 shipped by Amazon.,False,Save 20% with coupon,,,
121,121,B0D7HMDT3Q,"Anuck Magnetic Phone Ring Holder for MagSafe, Strong Magnet Phone Grip Stand Holder Anti-scratch Adjustable Kickstand for iPhone 15 14 13 12, Pro, Pro Max, Mini, Plus, for Mag Safe Cases, All Black",12.99,,USD,4.3,523,https://www.amazon.com/dp/B0D7HMDT3Q,https://m.media-amazon.com/images/I/616YcF+K2mL._AC_UL960_FMwebp_QL65_.jpg,1,12.99,False,False,True,False,200.0,"FREE delivery Thu, Aug 1 on $35 of items shipped by AmazonOr fastest delivery Mon, Jul 29",False,Save 10% with coupon,,,
122,122,B0D6C2MF57,"[MFi Certified] iPhone Charger Fast Charging,3Pack 20W Dual Port QC + PD 3.0 Power USB C Wall Charger Block Adapter with 10FT Long USB C to Lightning Cord Compatible with iPhone14 /13/12/11Pro/XR/X/XS",15.99,,USD,4.7,9,https://www.amazon.com/dp/B0D6C2MF57,https://m.media-amazon.com/images/I/71JkqlklDmL._AC_UL960_FMwebp_QL65_.jpg,1,15.99,False,False,True,False,100.0,"FREE delivery Wed, Jul 31 on $35 of items shipped by AmazonOr fastest delivery Mon, Jul 29",False,Save 5% with coupon,,,
123,123,B0D9H9FSL6,"Wired Earbuds 2 Pack, Earbuds HiFi Stereo Wired Earphones Headphones with Microphone Volume Control Compatible with iPad, Laptop, MP3, Android Smartphones, Fits All 3.5mm Jack Device",7.99,,USD,4.2,3,https://www.amazon.com/dp/B0D9H9FSL6,https://m.media-amazon.com/images/I/613z0Qpj1ZL._AC_UL960_FMwebp_QL65_.jpg,1,7.99,False,False,True,False,100.0,"FREE delivery Wed, Jul 31 on $35 of items shipped by AmazonOr fastest delivery Mon, Jul 29",False,Save 10% with coupon,,,
124,124,B0D4QGD3LB,"45W Super Fast Charger USB C Wall Charger Block &amp; Type C Fast Charging Cable Cord Compatible with Samsung Galaxy S24/S23/S22/S21/S20/Ultra/Plus/FE,Note 20/10,Galaxy Tab S9,Z Fold/Z Flip,A54,A14",9.99,,USD,4.5,73,https://www.amazon.com/dp/B0D4QGD3LB,https://m.media-amazon.com/images/I/61pjWLNwYuL._AC_UL960_FMwebp_QL65_.jpg,1,9.99,False,False,True,False,200.0,"FREE delivery Wed, Jul 31 on $35 of items shipped by AmazonOr fastest delivery Mon, Jul 29",False,,,,
125,125,B0D9F7PZ4N,"2 Pack-USB C Headphones for iPhone 15 Type C Earbuds Wired Earphones with Mic &amp; Remote Control Noise Cancelling for iPhone 15 pro, iPad Pro, Galaxy S23/S22/S21/S20/Ultra Note 10/20, Pixel 7/6/6a/5/4",12.98,,USD,4.7,19980,https://www.amazon.com/dp/B0D9F7PZ4N,https://m.media-amazon.com/images/I/51ONdMhpsgL._AC_UL960_FMwebp_QL65_.jpg,1,12.98,True,False,True,False,100.0,"FREE delivery Wed, Jul 31 on $35 of items shipped by AmazonOr fastest delivery Mon, Jul 29",False,Save 5% with coupon,,,
126,126,B0D7ZQFVFD,"1080P Security Camera Wireless Outdoor with Solar Panel for Home Security, Color Night Vision, PIR Motion Detection, Cloud Storage, 2-Way Audio, Live View Bullet Surveillance Cam (2 Spotlights)",24.98,,USD,4.3,237,https://www.amazon.com/dp/B0D7ZQFVFD,https://m.media-amazon.com/images/I/61q1BsvEw7L._AC_UL960_FMwebp_QL65_.jpg,1,24.98,False,False,True,False,100.0,"FREE delivery Wed, Jul 31 on $35 of items shipped by AmazonOr fastest delivery Mon, Jul 29",False,,,,
127,127,B0D5RHRD2D,Hybrid Technology Silicone covered Memory Foam Ear Tips for AirPods Pro 1st &amp; 2nd Gen. 3 Pairs. Original white color replacement tips with combined Best of Both Worlds: Comfort &amp; Protection. (S/M/L),24.99,29.99,USD,4.5,5,https://www.amazon.com/dp/B0D5RHRD2D,https://m.media-amazon.com/images/I/51ud-rNkQjL._AC_UL960_FMwebp_QL65_.jpg,1,24.99,False,False,True,True,200.0,"FREE delivery Wed, Jul 31 on $35 of items shipped by AmazonOr fastest delivery Mon, Jul 29",False,Save 10% with coupon,,,
